date,open,high,low,close,volume
2021-04-28,67.2,72.15,61.05,68.55,2867614.3476714
2021-04-29,73.35,73.8,63.75,64.8,1471522.8073576
2021-04-30,63.3,63.75,56.25,58.65,1242655.0728799
2021-05-03,58.35,58.65,46.35,47.85,1652141.941594
2021-05-04,47.085,57.75,45.75,50.7,1599974.2079999
2021-05-05,52.5,55.65,49.65,50.25,647584.00323792
2021-05-06,49.2,51.45,46.95,51.15,639893.5365328
2021-05-07,51.15,51.6,48.3,49.2,377519.4018876
2021-05-10,50.7,50.7,45.75,46.05,338501.86835918
2021-05-11,45.0,47.4,42.75,46.2,474244.60237122
2021-05-12,47.1,47.1,43.5,43.8,279470.86806402
2021-05-13,45.123,49.35,43.8,44.85,644976.53655822
2021-05-14,46.2,49.95,45.9,48.45,433222.46883278
2021-05-17,54.3,54.6,47.7,49.65,750183.87041759
2021-05-18,49.8,53.25,47.4,52.65,575461.66954398
2021-05-19,53.25,53.25,49.65,51.6,479488.00239744
2021-05-20,52.35,57.9615,50.1,57.0,921795.93794231
2021-05-21,54.75,57.3,51.0,51.45,679783.67006558
2021-05-24,52.65,53.25,48.45,48.6,423445.06878389
2021-05-25,50.1,50.25,47.55,47.85,367604.46850469
2021-05-26,47.7,48.612,46.05,46.65,401254.40200627
2021-05-27,47.1,47.25,45.0,47.1,1020006.6051
2021-05-28,46.8,51.15,46.8,51.0,551592.46942463
2021-06-01,48.3,48.537,46.05,47.1,461816.60230908
2021-06-02,47.55,48.9,46.05,48.6,527491.40263746
2021-06-03,47.1,48.6,46.5,46.65,311473.7348907
2021-06-04,47.3295,48.0,46.65,47.85,218294.06775814
2021-06-07,47.9895,59.1,47.9895,58.35,1805857.4090293
2021-06-08,53.925,57.75,51.6,55.65,1205123.939359
2021-06-09,51.75,55.35,51.0,52.8,700992.60350496
2021-06-10,52.5,56.0985,51.3,54.3,556519.26944926
2021-06-11,54.15,60.6,53.85,58.8,1488608.207443
2021-06-14,57.9,58.6995,54.45,55.05,687419.93677043
2021-06-15,55.545,55.8,51.9,54.3,570958.40285479
2021-06-16,55.794,59.25,52.5,55.95,945868.80472934
2021-06-17,56.4,57.45,54.15,56.85,563608.40281804
2021-06-18,56.55,59.25,55.65,56.1,847967.73757317
2021-06-21,55.35,57.0,53.85,54.0,480024.33573345
2021-06-22,54.0,55.2,53.1,53.85,327749.86830542
2021-06-23,54.75,55.17,50.85,52.05,522713.46928023
2021-06-24,52.125,54.6,52.05,53.25,405699.73536183
2021-06-25,54.0,57.0,53.85,55.8,3297990.41649
2021-06-28,58.05,58.8,56.55,57.3,574256.73620462
2021-06-29,57.3,58.05,53.1,54.0,545986.40272993
2021-06-30,54.15,54.9,51.15,51.75,815893.60407947
2021-07-01,52.5,52.95,50.175,51.45,324418.06828876
2021-07-02,51.6,52.35,48.915,51.15,438428.26885881
2021-07-06,51.75,51.75,49.5,50.25,255589.40127795
2021-07-07,50.6655,50.6655,48.45,49.65,360231.93513449
2021-07-08,48.6,49.275,47.25,49.2,405603.86869469
2021-07-09,51.0,52.95,50.25,52.8,402366.73534517
2021-07-12,52.8,54.75,52.5,54.6,310051.73488359
2021-07-13,54.45,55.05,50.25,50.85,349999.60175
2021-07-14,51.6,52.0485,49.5,49.8,247053.1345686
2021-07-15,49.8,50.25,47.4,48.6,325137.66829235
2021-07-16,48.9,49.05,47.4,47.55,183604.20091802
2021-07-19,46.65,47.55,45.0,47.55,372832.5351975
2021-07-20,47.25,48.2865,46.65,47.7,171986.4675266
2021-07-21,47.85,48.6,47.55,48.15,110862.06722098
2021-07-22,48.3,48.75,46.8,47.1,196935.40098468
2021-07-23,46.95,47.1075,45.6,46.05,213939.00106969
2021-07-26,46.2,47.1,45.15,45.9,191075.53428871
2021-07-27,45.9,46.35,43.95,45.75,309220.26821277
2021-07-28,46.05,47.175,45.3,46.5,188911.46761122
2021-07-29,46.05,46.425,45.15,45.45,166392.13416529
2021-07-30,45.0,46.35,45.0,45.9,172659.2008633
2021-08-02,46.2,47.85,45.45,46.05,192565.26762949
2021-08-03,46.05,46.2,44.25,45.0,295073.9348087
2021-08-04,44.55,45.0,43.2,43.8,266298.06799816
2021-08-05,44.85,45.75,43.95,45.6,264321.46798827
2021-08-06,45.156,46.5,45.075,46.2,153108.26743221
2021-08-09,45.75,46.5,45.15,45.6,142496.60071248
2021-08-10,45.75,45.9,44.7,45.3,118163.93392415
2021-08-11,45.225,45.525,43.65,45.3,223288.93444978
2021-08-12,45.15,46.65,44.4,46.65,218910.13442788
2021-08-13,46.05,47.7,45.0,45.9,206501.73436584
2021-08-16,45.15,45.6,43.95,44.4,175124.86754229
2021-08-17,44.25,44.4,40.95,41.4,417458.86875396
2021-08-18,42.3,43.2,41.025,41.1,181432.06757383
2021-08-19,41.55,41.55,39.0,40.05,265452.7346606
2021-08-20,39.45,40.5,38.4,38.85,276535.26804934
2021-08-23,39.15,42.45,38.85,42.0,299577.66816455
2021-08-24,42.0,42.6,40.35,41.1,231906.73449287
2021-08-25,40.65,41.325,39.6,40.95,169843.60084922
2021-08-26,40.5,42.15,39.15,39.6,214088.60107044
2021-08-27,40.35,42.0,39.9,41.25,214482.93440575
2021-08-30,41.1,42.9,39.975,41.85,218144.80109072
2021-08-31,42.0,43.65,41.6115,43.35,165648.80082824
2021-09-01,43.95,44.4,42.45,43.05,228616.60114308
2021-09-02,43.05,44.4,42.6,44.25,172865.40086433
2021-09-03,44.25,44.55,42.75,42.75,160748.93413708
2021-09-07,42.75,43.05,40.65,41.25,199030.73432849
2021-09-08,41.25,41.3475,39.0,39.45,193167.80096584
2021-09-09,39.45,40.125,38.25,38.25,279127.80139564
2021-09-10,38.7,39.15,37.5,37.8,204765.60102383
2021-09-13,38.25,38.4,35.7,35.85,274347.40137174
2021-09-14,36.0,36.15,34.05,34.35,329354.3349801
2021-09-15,34.5,37.05,34.5,36.9,289387.2681136
2021-09-16,37.299,38.25,36.15,36.6,201072.5343387
2021-09-17,37.2,37.2,36.15,36.75,349010.33507839
2021-09-20,35.25,36.075,34.5,35.7,233460.4011673
2021-09-21,35.7,36.6,34.5,36.0,243669.40121835
2021-09-22,36.15,37.05,35.55,36.6,193756.46763545
2021-09-23,37.5,38.55,37.05,38.55,182737.20091369
2021-09-24,38.25,38.7,37.2,37.65,114562.73390615
2021-09-27,37.8,38.1,36.3,36.3,132610.13399638
2021-09-28,36.3,36.6,35.4,35.4,118030.93392349
2021-09-29,36.15,36.6,34.8,35.25,127000.86730167
2021-09-30,35.4,36.45,34.8,34.95,146644.26739989
2021-10-01,35.85,35.85,34.95,35.4,139691.60069846
2021-10-04,35.775,35.775,33.0,33.3,229973.00114986
2021-10-05,33.75,34.5,33.15,33.75,159471.00079735
2021-10-06,33.573,33.825,32.4,33.15,150081.46741707
2021-10-07,33.15,34.65,32.7,33.6,167288.86750311
2021-10-08,33.75,34.35,33.15,33.6,94871.400474357
2021-10-11,34.05,34.35,33.15,33.15,69686.800348434
2021-10-12,33.15,35.1,33.03,35.1,147356.00073678
2021-10-13,35.25,35.55,34.05,34.35,104098.26718716
2021-10-14,35.25,35.4,34.65,35.4,111914.86722624
2021-10-15,35.55,36.0,34.8,35.25,151604.33409136
2021-10-18,35.4,35.7,34.2,34.35,148360.33407514
2021-10-19,34.65,34.95,33.75,34.65,117369.80058685
2021-10-20,34.65,36.3,34.35,35.55,201791.53434229
2021-10-21,35.25,37.35,35.1,37.2,177273.80088637
2021-10-22,36.75,36.9,35.25,36.45,180424.00090212
2021-10-25,36.6,37.05,35.55,36.15,149938.80074969
2021-10-26,36.15,37.05,34.95,35.25,204688.26769011
2021-10-27,34.8,35.1,33.9,33.9,161548.26747441
2021-10-28,34.05,39.0,33.75,37.5,532522.66932928
2021-10-29,37.2,38.1,36.3,37.8,272245.06802789
2021-11-01,38.55,42.0,37.5,39.9,635334.33651
2021-11-02,40.65,42.525,39.3015,41.4,412199.202061
2021-11-03,41.85,43.4925,40.05,41.55,384742.20192371
2021-11-04,42.15,43.5,41.1,42.0,265957.73466312
2021-11-05,42.6,43.5,41.7,42.9,250336.60125168
2021-11-08,43.95,44.1,41.1,41.85,357849.66845592
2021-11-09,42.3,42.423,37.05,37.5,795966.53731317
2021-11-10,37.8,38.625,33.9,34.575,507881.86920608
2021-11-11,35.7,36.0,33.45,33.75,388765.60194383
2021-11-12,34.05,36.525,33.9,35.85,317097.46825215
2021-11-15,36.45,36.6,34.2,35.25,246044.00123022
2021-11-16,34.5,35.7,33.9,35.25,215706.33441186
2021-11-17,34.527,35.0985,33.3,33.6,188178.40094089
2021-11-18,34.05,34.05,31.2,31.8,362510.73514589
2021-11-19,31.5,33.375,31.5,32.85,208925.20104463
2021-11-22,33.45,33.45,31.5,31.95,196478.20098239
2021-11-23,31.5,32.4,29.7,30.6,304729.60152365
2021-11-24,30.15,31.95,28.95,31.2,240112.80120056
2021-11-26,29.7,31.35,29.4195,30.3,215251.60107626
2021-11-29,30.75,30.9,29.1,29.55,244869.80122435
2021-11-30,29.4,30.15,28.35,29.7,246264.46789799
2021-12-01,30.525,32.2485,28.65,28.65,285419.6014271
2021-12-02,29.1,30.0,28.2,29.85,184718.26759026
2021-12-03,29.85,30.0,27.3,27.75,273917.20136959
2021-12-06,27.6,27.75,24.9,25.65,476025.53571346
2021-12-07,26.1,29.55,26.1,28.5,289858.46811596
2021-12-08,28.95,30.75,27.9,30.15,203610.33435138
2021-12-09,30.0,30.45,28.2,28.5,157555.73412111
2021-12-10,29.4,29.4,27.0,27.3,169651.40084826
2021-12-13,27.3,27.6,25.5,26.1,175122.26754228
2021-12-14,25.725,26.25,24.15,24.45,390557.26861945
2021-12-15,24.531,25.05,23.25,24.75,344780.46839057
2021-12-16,25.125,25.95,24.6,24.75,255655.73461161
2021-12-17,24.6,26.25,23.7,25.8,350460.06841897
2021-12-20,25.35,25.35,24.0,24.45,191398.46762366
2021-12-21,22.95,25.2,22.65,24.9,264008.00132004
2021-12-22,25.05,25.35,24.3,25.05,146614.20073307
2021-12-23,24.75,25.65,24.6,25.35,147439.13407053
2021-12-27,25.2,25.65,24.45,24.6,147242.93406955
2021-12-28,24.3,24.75,23.25,23.55,170014.06751674
2021-12-29,24.0,24.0,21.876,22.2,337471.53502069
2021-12-30,21.6,22.95,20.85,21.45,440869.46887101
2021-12-31,21.45,22.2,20.2635,20.7,540168.93603418
2022-01-03,21.0,23.1,20.85,22.8,277408.60138704
2022-01-04,22.5,22.8,21.45,22.2,163121.26748227
2022-01-05,22.2,22.35,19.5,19.65,263055.33464861
2022-01-06,19.95,20.1,18.0,18.75,352187.93509427
2022-01-07,18.3,19.5,18.0,18.45,212874.73439771
2022-01-10,18.45,18.45,17.25,17.85,287211.06810272
2022-01-11,18.0,19.05,17.55,18.6,161678.26747506
2022-01-12,18.648,19.2,18.0,18.15,135631.20067816
2022-01-13,18.9,18.9,16.8,17.1,195347.73431007
2022-01-14,17.4,17.4,16.05,16.8,266659.6013333
2022-01-18,16.05,16.5,15.45,15.45,193817.20096909
2022-01-19,15.75,15.9,15.0,15.15,256003.26794668
2022-01-20,15.0,16.2,15.0,15.3,262428.86797881
2022-01-21,15.15,15.3,13.9005,14.0085,359890.73513279
2022-01-24,13.5015,14.25,11.85,13.986,440299.4022015
2022-01-25,15.15,19.8,14.85,17.55,2808093.3473738
2022-01-26,17.55,17.85,15.75,16.05,1003887.8716861
2022-01-27,16.5,16.5,13.512,13.7385,602419.13634543
2022-01-28,13.8,15.6,13.5,15.6,345788.13506227
2022-01-31,15.75,17.4,15.6,16.8,331187.2683226
2022-02-01,17.55,18.45,16.05,18.15,339359.13503013
2022-02-02,18.6,18.6105,16.5,16.5,211741.86772538
2022-02-03,16.5975,16.65,15.45,15.9,167519.33417093
2022-02-04,15.6,17.25,15.45,16.8,250556.20125278
2022-02-07,17.394,21.9,16.95,18.45,674679.6033734
2022-02-08,18.8355,19.05,17.1,17.85,412478.86872906
2022-02-09,18.0,20.25,17.697,20.25,377978.33522323
2022-02-10,19.8,22.2,19.2,20.4,558624.93612646
2022-02-11,20.7,20.85,18.45,18.75,372328.00186164
2022-02-14,18.75,19.6485,18.15,18.15,205520.2010276
2022-02-15,18.45,20.55,18.45,20.1,258974.40129487
2022-02-16,20.1,21.15,19.5,20.85,221929.00110965
2022-02-17,20.7,20.7,18.825,19.35,221407.53444037
2022-02-18,19.35,19.5,17.7,18.3,230242.66781788
2022-02-22,17.9595,18.15,16.8,17.4,250086.2679171
2022-02-23,17.55,18.15,16.35,16.35,185045.46759189
2022-02-24,14.9985,18.15,14.7,18.15,343089.40171545
2022-02-25,18.15,18.525,17.25,18.3,159344.33413006
2022-02-28,17.85,18.75,17.325,18.3,249972.46791653
2022-03-01,18.15,18.45,16.8,17.4,178757.06756045
2022-03-02,17.55,17.7,16.8,17.55,106325.40053163
2022-03-03,17.55,17.7,16.5,16.65,131646.33399156
2022-03-04,16.5,16.8,15.45,15.6,140733.40070367
2022-03-07,15.45,15.9,14.883,15.0,180549.00090274
2022-03-08,15.0,15.6015,14.25,15.15,205205.73435936
2022-03-09,15.3,16.5,15.3,16.35,143454.26738394
2022-03-10,15.6,16.35,15.3,15.75,80557.267069453
2022-03-11,16.05,16.05,14.85,15.0,150243.40075122
2022-03-14,15.0,15.1485,13.65,13.896,243830.26788582
2022-03-15,13.86,15.6,13.65,15.45,159067.40079534
2022-03-16,15.75,16.35,15.3,16.35,172305.93419486
2022-03-17,15.9,17.7,15.15,17.1,185976.60092988
2022-03-18,17.4,18.45,16.95,18.0,418641.20209321
2022-03-21,18.0,18.15,16.8,17.4,170625.8675198
2022-03-22,17.4,18.45,17.4,18.45,158610.73412639
2022-03-23,17.7,18.45,17.4,17.55,193975.33430321
2022-03-24,18.0,18.3,17.1,18.0,127843.86730589
2022-03-25,18.0,18.3,17.55,17.7,165190.46749262
2022-03-28,17.85,19.05,17.4,17.4,228806.93447737
2022-03-29,17.85,18.0,17.25,17.7,147453.46740393
2022-03-30,17.55,18.15,17.25,17.25,129247.2673129
2022-03-31,17.25,17.4,16.35,16.65,143352.00071676
2022-04-01,16.5,16.95,15.9,16.05,204488.20102244
2022-04-04,16.2,16.8,16.05,16.8,89357.533780121
2022-04-05,17.1,17.25,15.9,15.9,126097.53396382
2022-04-06,15.75,15.9,15.15,15.75,145460.06739397
2022-04-07,15.45,15.9,15.0,15.3,99808.133832374
2022-04-08,15.6,15.6,14.454,14.541,223119.86778227
2022-04-11,14.925,14.925,13.9815,14.541,177334.53422001
2022-04-12,14.7345,15.1485,14.2545,14.493,132067.20066034
2022-04-13,14.418,15.375,14.28,15.15,107648.53387158
2022-04-14,15.15,15.15,14.3595,14.5815,179748.40089874
2022-04-18,14.7,14.7885,13.65,13.6875,204156.86768745
2022-04-19,13.7895,14.0767,13.5,13.6305,263490.80131745
2022-04-20,13.65,13.731,13.05,13.4265,137387.60068694
2022-04-21,13.5,13.632,12.4935,12.6375,145067.40072534
2022-04-22,12.6,13.263,12.45,13.0785,195963.06764648
2022-04-25,13.0845,13.0845,12.573,12.903,150698.40075349
2022-04-26,12.75,12.75,11.85,12.027,218719.73442693
2022-04-27,12.6,12.6,11.865,12.2295,184483.46758908
2022-04-28,12.366,12.7005,11.85,12.564,227945.93447306
2022-04-29,12.4485,13.0492,11.9955,12.0,133284.26733309
2022-05-02,12.306,12.6435,11.8695,12.6375,126730.86730032
2022-05-03,12.6,13.125,12.45,12.93,137983.86735659
2022-05-04,13.5675,13.8195,12.774,13.8,216195.80108098
2022-05-05,13.62,13.8675,12.411,12.753,200972.3343382
2022-05-06,12.45,12.6855,12.165,12.4515,118363.26725848
2022-05-09,12.315,12.3825,11.85,12.198,205622.33436144
2022-05-10,12.0015,12.3645,11.988,12.0,241360.73454014
2022-05-11,12.102,12.297,10.8,11.2515,333759.8016688
2022-05-12,10.8,11.85,10.515,11.0325,201266.20100633
2022-05-13,11.6355,11.925,11.4975,11.7,130134.60065067
2022-05-16,12.045,12.513,11.733,12.009,150208.33408438
2022-05-17,12.0,12.7455,11.616,11.616,136404.66734869
2022-05-18,11.85,11.85,10.575,10.719,165867.20082934
2022-05-19,10.779,11.1585,10.65,10.677,154113.3341039
2022-05-20,10.95,11.6835,10.8,11.5665,177374.40088687
2022-05-23,11.4165,12.375,11.4,11.8635,139654.46736494
2022-05-24,11.85,11.9985,11.304,11.646,107065.06720199
2022-05-25,11.85,12.1755,11.52,11.6055,158300.86745817
2022-05-26,11.85,12.1485,11.7,11.979,91092.600455463
2022-05-27,12.3,13.1145,12.0,13.1145,130065.26731699
2022-05-31,13.164,13.6485,12.9,13.5705,136552.00068276
2022-06-01,13.65,14.715,13.509,14.07,211738.66772536
2022-06-02,14.1675,14.907,13.839,14.907,113662.86723498
2022-06-03,14.85,15.75,14.439,15.6,183157.80091579
2022-06-06,15.45,15.75,13.98,14.589,328370.26830852
2022-06-07,14.25,14.8125,13.95,14.601,201809.46767571
2022-06-08,14.5425,14.5425,13.2345,13.305,162765.80081383
2022-06-09,13.407,13.521,12.675,12.7845,165192.86749263
2022-06-10,12.705,12.705,11.85,12.0015,158563.53412615
2022-06-13,11.8485,12.2955,10.905,12.129,205107.40102554
2022-06-14,11.982,12.2475,11.4195,11.613,114128.06723731
2022-06-15,11.613,11.6565,10.932,11.436,145909.80072955
2022-06-16,11.115,11.2575,10.5315,10.7715,188241.33427454
2022-06-17,10.9965,11.37,10.5495,10.626,255853.5346126
2022-06-21,11.6025,11.6445,10.53,10.7085,193761.86763548
2022-06-22,10.548,10.7085,9.888,10.0305,245307.33455987
2022-06-23,10.05,10.05,9.5235,9.8805,234339.53450503
2022-06-24,9.9,10.95,9.9,10.4865,2612002.01306
2022-06-27,10.95,10.95,10.209,10.692,156014.06744674
2022-06-28,10.7325,10.851,10.1775,10.2,78175.867057546
2022-06-29,10.2,10.3995,9.858,10.005,109017.80054509
2022-06-30,9.78,9.97425,9.4665,9.6015,109800.33388233
2022-07-01,9.6,9.945,8.7,8.745,234081.93450374
2022-07-05,8.838,10.2105,8.7495,9.9,188211.06760772
2022-07-06,9.9,10.725,9.759,10.2735,108372.06720853
2022-07-07,10.443,10.95,10.35,10.734,90511.200452556
2022-07-08,10.797,10.8,10.197,10.3695,124929.20062465
2022-07-11,10.35,10.497,9.45,9.5055,105632.9338615
2022-07-12,9.51,10.065,9.45,9.9,55526.266944298
2022-07-13,9.876,9.99,9.3765,9.9,47499.266904163
2022-07-14,9.9,10.275,9.6015,10.185,64991.866991626
2022-07-15,10.2,10.6065,10.2,10.2975,57770.66695552
2022-07-18,10.347,11.07,10.347,10.521,115524.33391095
2022-07-19,10.65,10.923,10.0575,10.428,105552.80052776
2022-07-20,10.425,11.6355,10.422,11.4,283881.73475274
2022-07-21,11.25,11.55,11.139,11.3925,76121.067047272
2022-07-22,11.25,11.7,10.5315,10.545,74906.6670412
2022-07-25,10.506,11.244,10.35,10.485,145099.46739216
2022-07-26,10.575,10.65,10.2705,10.287,65709.733661882
2022-07-27,10.575,10.575,10.2765,10.374,60450.400302252
2022-07-28,10.725,10.725,10.2314,10.3815,66767.467000504
2022-07-29,10.506,10.7745,10.26,10.4205,90218.733784427
2022-08-01,10.2615,10.4205,9.9015,9.9015,95863.267145983
2022-08-02,10.047,10.5,9.924,10.32,90848.533787576
2022-08-03,10.5,10.65,10.368,10.608,69718.867015261
2022-08-04,10.65,10.8,10.5165,10.53,112263.13389465
2022-08-05,9.75,9.75,9.0,9.2505,439746.20219873
2022-08-08,9.1725,9.3285,7.9515,8.8515,285579.73476123
2022-08-09,8.8515,9.0,8.4075,8.703,180839.2009042
2022-08-10,9.4215,9.89998,8.961,9.7755,333813.26833573
2022-08-11,10.35,10.5,9.6195,9.7545,213308.53439988
2022-08-12,10.278,11.07,9.705,10.884,324313.5349549
2022-08-15,11.0265,11.085,10.5,10.5,175367.2675435
2022-08-16,10.5,10.5045,9.9765,10.2,154216.40077108
2022-08-17,10.35,11.235,10.2,11.235,359690.93513179
2022-08-18,17.85,19.95,13.5345,15.3,15471717.010692
2022-08-19,17.55,17.85,12.3,12.711,7091367.2354568
2022-08-22,14.175,14.331,11.4165,12.5205,3842630.0192131
2022-08-23,12.1425,12.384,11.2725,11.97,979124.93822896
2022-08-24,11.7,14.205,11.5515,13.062,2088163.7437742
2022-08-25,13.5,13.632,12.375,12.507,713453.40356727
2022-08-26,13.3515,13.407,11.25,11.865,1155039.6057752
2022-08-29,11.5,12.88,11.47,12.01,954285.0
2022-08-30,11.48,12.2,11.42,11.65,809453.0
2022-08-31,11.63,12.1981,11.6001,11.72,692243.0
2022-09-01,11.84,12.0764,11.375,11.75,781368.0
2022-09-02,11.64,12.63,11.41,11.48,1109869.0
2022-09-06,11.14,11.22,9.0,9.07,1256313.0
2022-09-07,8.94,8.99,8.0386,8.43,1066870.0
2022-09-08,8.6,9.26,8.31,9.23,1031247.0
2022-09-09,9.35,9.35,8.28,8.31,841815.0
2022-09-12,8.35,8.553,8.1,8.38,570475.0
2022-09-13,8.17,8.21,7.86,7.99,756848.0
2022-09-14,8.0,8.16,7.89,7.99,467271.0
2022-09-15,7.88,8.07,7.38,7.52,692282.0
2022-09-16,7.31,7.56,7.19,7.53,480019.0
2022-09-19,7.35,7.49,7.07,7.4,445634.0
2022-09-20,7.35,7.38,7.0,7.0,354463.0
2022-09-21,7.11,7.11,6.36,6.39,581888.0
2022-09-22,6.32,6.38,5.8,6.27,920253.0
2022-09-23,6.15,6.225,5.66,5.74,591184.0
2022-09-26,5.64,6.32,5.52,5.75,1281906.0
2022-09-27,5.82,6.23,5.77,6.12,1183281.0
2022-09-28,3.04,3.38,2.85,3.24,12231847.0
2022-09-29,3.17,3.71,3.15,3.44,6733256.0
2022-09-30,3.3,3.66,3.27,3.5,2519867.0
2022-10-03,3.5,3.52,3.13,3.31,1438446.0
2022-10-04,3.35,3.51,3.24,3.5,1499433.0
2022-10-05,3.45,3.54,3.24,3.52,1016384.0
2022-10-06,3.48,3.53,3.15,3.3,1365634.0
2022-10-07,3.27,3.33,3.01,3.08,998281.0
2022-10-10,3.1,3.1,2.88,3.0,795956.0
2022-10-11,2.99,3.135,2.94,2.99,653910.0
2022-10-12,2.99,3.03,2.91,3.0,374645.0
2022-10-13,2.96,2.9674,2.77,2.83,1263587.0
2022-10-14,2.85,2.91,2.7501,2.89,450259.0
2022-10-17,2.92,2.97,2.81,2.87,899876.0
2022-10-18,2.95,3.38,2.89,3.1,2864827.0
2022-10-19,3.04,3.09,2.78,2.82,777985.0
2022-10-20,2.84,2.8892,2.8,2.84,365007.0
2022-10-21,2.83,2.855,2.74,2.8,542216.0
2022-10-24,2.8,2.8001,2.58,2.67,1013315.0
2022-10-25,2.67,2.83,2.66,2.81,592225.0
2022-10-26,2.84,2.95,2.755,2.91,549930.0
2022-10-27,2.96,3.12,2.88,2.9,719525.0
2022-10-28,2.98,3.07,2.88,3.02,765886.0
2022-10-31,3.035,3.07,2.91,2.93,388853.0
2022-11-01,2.98,3.02,2.92,2.93,379301.0
2022-11-02,2.97,2.97,2.77,2.79,414610.0
2022-11-03,2.78,2.89,2.73,2.88,317231.0
2022-11-04,2.93,2.93,2.59,2.66,656327.0
2022-11-07,2.75,2.75,2.52,2.65,508661.0
2022-11-08,2.66,2.68,2.54,2.58,441158.0
2022-11-09,2.57,2.57,2.35,2.41,541102.0
2022-11-10,2.43,2.6185,2.43,2.6,853603.0
2022-11-11,2.57,2.91,2.57,2.89,780262.0
2022-11-14,2.95,2.95,2.71,2.84,534908.0
2022-11-15,2.86,2.96,2.82,2.86,337980.0
2022-11-16,2.935,3.1,2.87,2.93,959804.0
2022-11-17,2.86,2.92,2.72,2.76,727479.0
2022-11-18,2.8,2.83,2.62,2.71,360041.0
2022-11-21,2.67,2.77,2.6,2.72,418553.0
2022-11-22,2.75,2.79,2.65,2.76,331192.0
2022-11-23,2.78,2.825,2.69,2.77,355685.0
2022-11-25,2.8,2.83,2.72,2.78,167437.0
2022-11-28,2.74,2.8,2.69,2.7,271181.0
2022-11-29,2.71,2.74,2.64,2.7,227111.0
2022-11-30,2.69,2.77,2.55,2.55,924213.0
2022-12-01,2.56,2.78,2.56,2.685,1128360.0
2022-12-02,2.65,2.6782,2.61,2.65,291168.0
2022-12-05,2.68,2.87,2.62,2.83,948470.0
2022-12-06,2.86,2.87,2.6749,2.78,563165.0
2022-12-07,2.8,2.85,2.705,2.82,671875.0
2022-12-08,2.79,2.79,2.63,2.66,500290.0
2022-12-09,2.75,2.81,2.64,2.64,807420.0
2022-12-12,2.64,2.71,2.55,2.66,425052.0
2022-12-13,2.68,2.78,2.645,2.71,372837.0
2022-12-14,2.7,2.73,2.64,2.69,287954.0
2022-12-15,2.625,2.7,2.6,2.62,507211.0
2022-12-16,2.66,2.76,2.57,2.72,2312665.0
2022-12-19,2.7,2.72,2.55,2.64,680441.0
2022-12-20,2.58,2.61,2.45,2.59,385668.0
2022-12-21,2.59,2.75,2.58,2.69,368451.0
2022-12-22,2.69,2.69,2.5824,2.62,216890.0
2022-12-23,2.59,2.59,2.495,2.53,338482.0
2022-12-27,2.545,2.545,2.2401,2.27,533654.0
2022-12-28,2.3,2.34,2.13,2.14,504076.0
2022-12-29,2.19,2.29,2.12,2.25,948146.0
2022-12-30,2.23,2.4,2.163,2.2,961937.0
2023-01-03,2.27,2.508,2.2,2.49,692206.0
2023-01-04,2.51,2.61,2.385,2.61,471387.0
2023-01-05,2.6,2.605,2.54,2.59,165938.0
2023-01-06,2.6,2.66,2.531,2.64,233511.0
2023-01-09,2.69,2.79,2.64,2.66,529028.0
2023-01-10,2.66,2.788,2.66,2.77,302826.0
2023-01-11,2.82,2.93,2.72,2.91,465494.0
2023-01-12,2.94,3.27,2.891,3.11,1263326.0
2023-01-13,3.11,3.37,3.05,3.27,1025118.0
2023-01-17,3.34,3.59,3.29,3.58,932129.0
2023-01-18,3.65,3.77,3.01,3.24,1696444.0
2023-01-19,3.25,3.44,3.19,3.3,670750.0
2023-01-20,3.33,3.54,3.25,3.54,654351.0
2023-01-23,3.6,3.7,3.4901,3.555,646012.0
2023-01-24,3.56,3.6,3.395,3.45,463751.0
2023-01-25,3.45,3.52,3.38,3.47,205665.0
2023-01-26,3.51,3.57,3.35,3.41,355383.0
2023-01-27,3.4,3.55,3.3525,3.44,455613.0
2023-01-30,3.45,3.535,3.09,3.295,596445.0
2023-01-31,3.28,3.41,3.215,3.41,346674.0
2023-02-01,3.45,3.48,3.32,3.44,364429.0
2023-02-02,3.48,3.62,3.37,3.38,678983.0
2023-02-03,3.41,3.5801,3.36,3.46,428683.0
2023-02-06,3.53,4.05,3.5,4.0,2170026.0
2023-02-07,4.18,4.2,3.6,3.78,1755356.0
2023-02-08,3.83,4.28,3.8298,4.045,1302768.0
2023-02-09,4.12,4.25,3.82,3.9,1118489.0
2023-02-10,3.93,3.93,3.7,3.79,517645.0
2023-02-13,3.79,4.0724,3.75,3.95,508844.0
2023-02-14,3.95,4.1106,3.89,4.05,422588.0
2023-02-15,4.07,4.14,3.925,3.94,446629.0
2023-02-16,3.96,4.035,3.8801,3.96,314344.0
2023-02-17,3.98,4.0,3.81,3.93,375251.0
2023-02-21,3.95,4.17,3.74,3.79,598547.0
2023-02-22,3.83,3.86,3.7301,3.76,206803.0
2023-02-23,3.8,3.815,3.54,3.69,474243.0
2023-02-24,3.68,3.72,3.6,3.66,311523.0
2023-02-27,3.68,3.71,3.59,3.67,213911.0
2023-02-28,3.69,3.79,3.645,3.72,344598.0
2023-03-01,3.79,3.79,3.51,3.52,363213.0
2023-03-02,3.51,3.67,3.5,3.61,240200.0
2023-03-03,3.64,3.75,3.51,3.65,369466.0
2023-03-06,3.65,3.68,3.45,3.46,327139.0
2023-03-07,3.47,3.52,3.2701,3.34,338932.0
2023-03-08,3.34,3.455,3.29,3.34,235296.0
2023-03-09,3.3,3.39,3.16,3.18,304007.0
2023-03-10,3.25,3.35,2.95,3.01,410271.0
2023-03-13,2.95,3.1,2.93,3.03,280988.0
2023-03-14,3.1,3.1774,3.03,3.07,266295.0
2023-03-15,3.02,3.09,2.85,2.9,366861.0
2023-03-16,2.91,3.01,2.91,2.98,282485.0
2023-03-17,2.99,3.0,2.86,2.9,328899.0
2023-03-20,2.9,2.92,2.82,2.89,259877.0
2023-03-21,2.92,3.015,2.85,2.95,406885.0
2023-03-22,3.0,3.05,2.82,2.83,259653.0
2023-03-23,2.89,2.915,2.82,2.875,251447.0
2023-03-24,2.85,2.9299,2.82,2.91,239252.0
2023-03-27,2.95,2.95,2.87,2.91,284414.0
2023-03-28,2.89,2.95,2.835,2.86,175817.0
2023-03-29,2.87,3.03,2.85,3.01,268461.0
2023-03-30,3.05,3.0976,3.015,3.07,203509.0
2023-03-31,3.08,3.19,3.08,3.17,312770.0
2023-04-03,3.16,3.19,3.01,3.05,210943.0
2023-04-04,3.08,3.12,2.945,2.99,256244.0
2023-04-05,2.95,2.995,2.86,2.88,206699.0
2023-04-06,2.91,2.965,2.86,2.93,130966.0
2023-04-10,2.91,3.0099,2.87,3.0,166598.0
2023-04-11,2.99,3.06,2.98,3.01,159693.0
2023-04-12,3.025,3.055,2.97,2.98,95500.0
2023-04-13,3.01,3.13,2.98,3.1,179612.0
2023-04-14,3.77,3.85,3.06,3.16,3862288.0
2023-04-17,3.14,3.55,3.1123,3.51,1217351.0
2023-04-18,3.58,3.97,3.37,3.67,1479732.0
2023-04-19,3.69,3.83,3.5,3.81,588044.0
2023-04-20,3.8,3.83,3.61,3.81,510932.0
2023-04-21,3.78,3.965,3.73,3.95,673128.0
2023-04-24,3.99,3.99,3.68,3.75,499206.0
2023-04-25,3.72,3.72,3.57,3.61,347681.0
2023-04-26,3.64,3.7,3.48,3.63,321589.0
2023-04-27,3.65,3.7367,3.605,3.72,211234.0
2023-04-28,3.72,3.86,3.683,3.82,236505.0
2023-05-01,3.83,3.88,3.73,3.83,357893.0
2023-05-02,3.79,3.84,3.65,3.75,212647.0
2023-05-03,3.73,3.76,3.6464,3.69,251963.0
2023-05-04,3.67,3.67,3.542,3.62,288966.0
2023-05-05,3.53,3.5885,3.325,3.41,609556.0
2023-05-08,3.4,3.4,3.245,3.39,286083.0
2023-05-09,3.36,3.38,3.24,3.29,271805.0
2023-05-10,3.32,3.3352,3.19,3.205,284260.0
2023-05-11,3.19,3.22,3.0517,3.09,359206.0
2023-05-12,3.09,3.1,3.04,3.06,184144.0
2023-05-15,3.05,3.18,3.01,3.16,301762.0
2023-05-16,3.14,3.14,3.01,3.03,319036.0
2023-05-17,3.03,3.16,2.9791,3.15,351314.0
2023-05-18,3.17,3.33,3.11,3.15,375459.0
2023-05-19,3.31,3.4,3.23,3.35,419845.0
2023-05-22,3.38,3.595,3.35,3.58,346023.0
2023-05-23,3.57,3.71,3.465,3.49,442118.0
2023-05-24,3.49,3.53,3.37,3.42,215280.0
2023-05-25,3.45,3.46,3.29,3.35,282555.0
2023-05-26,3.31,3.58,3.31,3.535,360520.0
2023-05-30,3.55,3.6792,3.55,3.66,348201.0
2023-05-31,3.63,3.67,3.46,3.54,210411.0
2023-06-01,3.52,3.555,3.44,3.55,188253.0
2023-06-02,3.56,3.57,3.43,3.455,284286.0
2023-06-05,3.49,3.62,3.48,3.52,243809.0
2023-06-06,3.57,3.6099,3.515,3.58,156991.0
2023-06-07,3.57,3.83,3.57,3.62,553413.0
2023-06-08,3.6,3.84,3.54,3.78,335940.0
2023-06-09,3.82,3.88,3.64,3.66,328257.0
2023-06-12,3.66,3.74,3.6,3.72,197325.0
2023-06-13,3.72,3.75,3.62,3.73,181427.0
2023-06-14,3.75,3.7574,3.505,3.62,490316.0
2023-06-15,3.6,3.72,3.56,3.71,192424.0
2023-06-16,3.67,3.8001,3.67,3.77,295855.0
2023-06-20,3.73,3.73,3.52,3.61,422985.0
2023-06-21,3.61,3.65,3.515,3.6,303673.0
2023-06-22,3.55,3.59,3.46,3.48,301252.0
2023-06-23,3.48,3.82,3.16,3.3,2092188.0
2023-06-26,3.35,3.375,3.22,3.28,389596.0
2023-06-27,3.25,3.28,3.085,3.27,734325.0
2023-06-28,3.33,3.49,3.26,3.44,1250843.0
2023-06-29,3.4,3.47,3.32,3.46,357220.0
2023-06-30,3.45,3.67,3.4097,3.57,530279.0
2023-07-03,3.59,3.651,3.54,3.63,195773.0
2023-07-05,3.63,3.81,3.61,3.73,618765.0
2023-07-06,3.74,3.74,3.51,3.56,448220.0
2023-07-07,3.54,3.83,3.539,3.74,624740.0
2023-07-10,3.8,4.14,3.78,4.03,1967070.0
2023-07-11,4.045,4.33,3.96,4.29,980640.0
2023-07-12,4.38,4.45,4.13,4.27,1009477.0
2023-07-13,4.3,4.35,4.18,4.22,448197.0
2023-07-14,4.21,4.24,3.91,3.98,542808.0
2023-07-17,4.01,4.29,3.9793,4.24,523950.0
2023-07-18,4.4,5.01,4.38,4.84,3217051.0
2023-07-19,4.9,4.9783,4.7,4.82,985157.0
2023-07-20,4.77,4.84,4.5,4.53,619039.0
2023-07-21,4.62,4.81,4.52,4.65,572246.0
2023-07-24,4.66,4.77,4.4,4.42,893973.0
2023-07-25,4.51,4.54,4.3711,4.42,376654.0
2023-07-26,4.45,4.4891,4.29,4.3,490052.0
2023-07-27,4.39,4.39,4.095,4.13,436370.0
2023-07-28,4.13,4.4,4.13,4.36,321198.0
2023-07-31,4.45,4.9599,4.36,4.93,1423815.0
2023-08-01,5.0,5.0,4.72,4.89,613448.0
2023-08-02,4.86,4.87,4.47,4.59,683682.0
2023-08-03,4.6,4.8169,4.5,4.71,547846.0
2023-08-04,4.67,4.819,4.3,4.35,818461.0
2023-08-07,4.35,4.3596,4.02,4.14,620730.0
2023-08-08,4.17,4.57,4.14,4.34,464424.0
2023-08-09,4.34,4.5,4.15,4.18,412328.0
2023-08-10,4.21,4.4,4.2,4.29,293964.0
2023-08-11,4.28,4.37,4.23,4.26,263957.0
2023-08-14,4.27,4.52,4.07,4.47,539082.0
2023-08-15,4.45,4.55,4.19,4.2,409445.0
2023-08-16,4.23,4.23,4.01,4.13,544380.0
2023-08-17,4.11,4.11,3.905,3.94,462426.0
2023-08-18,3.89,4.06,3.89,3.99,474765.0
2023-08-21,3.98,4.14,3.96,4.12,234568.0
2023-08-22,4.16,4.21,4.04,4.11,404544.0
2023-08-23,4.14,4.17,4.025,4.09,254332.0
2023-08-24,4.08,4.08,3.83,3.86,363747.0
2023-08-25,3.87,3.905,3.72,3.8,332156.0
2023-08-28,3.85,3.98,3.8,3.81,276785.0
2023-08-29,3.82,3.89,3.751,3.88,366880.0
2023-08-30,3.86,3.9699,3.84,3.87,265002.0
2023-08-31,3.91,4.31,3.9,4.15,1205339.0
2023-09-01,4.19,4.32,4.09,4.11,470509.0
2023-09-05,4.14,4.14,3.93,3.97,389948.0
2023-09-06,3.97,4.12,3.93,4.1,285654.0
2023-09-07,4.03,4.08,3.93,3.95,259825.0
2023-09-08,3.99,4.01,3.87,3.99,236502.0
2023-09-11,4.01,4.31,4.0,4.31,655350.0
2023-09-12,4.34,4.51,4.19,4.22,582342.0
2023-09-13,4.18,4.2978,4.025,4.05,293271.0
2023-09-14,4.06,4.35,4.05,4.31,701881.0
2023-09-15,4.3,4.3101,4.08,4.17,491729.0
2023-09-18,4.2,4.2,4.03,4.07,372558.0
2023-09-19,4.07,4.0877,3.95,4.03,401029.0
2023-09-20,4.03,4.07,3.91,3.94,285246.0
2023-09-21,3.94,3.94,3.68,3.7,633689.0
2023-09-22,3.74,3.77,3.58,3.61,370468.0
2023-09-25,3.61,3.63,3.53,3.59,353420.0
2023-09-26,3.54,3.76,3.54,3.62,424765.0
2023-09-27,3.64,3.81,3.52,3.52,333129.0
2023-09-28,3.52,3.54,3.27,3.3,778924.0
2023-09-29,3.25,3.36,3.11,3.13,672623.0
2023-10-02,3.15,3.21,3.02,3.06,439565.0
2023-10-03,3.04,3.04,2.91,2.97,384124.0
2023-10-04,2.95,3.0568,2.89,3.04,345325.0
2023-10-05,3.04,3.11,2.99,3.08,237293.0
2023-10-06,3.05,3.14,3.05,3.09,242772.0
2023-10-09,3.01,3.02,2.91,2.97,264763.0
2023-10-10,2.97,3.09,2.97,3.01,179529.0
2023-10-11,3.02,3.04,2.87,2.87,252876.0
2023-10-12,2.87,2.87,2.6799,2.73,544427.0
2023-10-13,2.73,2.805,2.68,2.8,238976.0
2023-10-16,2.81,2.92,2.77,2.89,231244.0
2023-10-17,2.88,3.01,2.88,2.94,286127.0
2023-10-18,2.93,2.93,2.75,2.75,227836.0
2023-10-19,2.76,2.79,2.68,2.69,383672.0
2023-10-20,2.69,2.69,2.62,2.62,243114.0
2023-10-23,2.62,2.71,2.6,2.63,262937.0
2023-10-24,2.69,2.79,2.65,2.71,302017.0
2023-10-25,2.71,2.71,2.58,2.6,225615.0
2023-10-26,2.58,2.645,2.55,2.59,154179.0
2023-10-27,2.67,2.67,2.45,2.47,295383.0
2023-10-30,2.48,2.585,2.47,2.58,192701.0
2023-10-31,2.57,2.66,2.52,2.56,494470.0
2023-11-01,2.55,2.55,2.45,2.49,236247.0
2023-11-02,2.57,2.715,2.565,2.7,440482.0
2023-11-03,2.76,3.127,2.74,3.09,788428.0
2023-11-06,3.06,3.14,2.78,2.92,481648.0
2023-11-07,2.94,2.95,2.775,2.82,379769.0
2023-11-08,2.83,2.85,2.65,2.69,254439.0
2023-11-09,2.69,2.71,2.53,2.54,256529.0
2023-11-10,2.57,2.57,2.472,2.5,284937.0
2023-11-13,2.5,2.5,2.41,2.43,317563.0
2023-11-14,2.56,2.6593,2.535,2.62,345728.0
2023-11-15,2.65,2.76,2.59,2.59,392733.0
2023-11-16,2.58,2.59,2.42,2.46,381263.0
2023-11-17,2.48,2.6,2.44,2.59,233987.0
2023-11-20,2.57,2.765,2.54,2.75,535800.0
2023-11-21,2.69,2.7199,2.61,2.68,279109.0
2023-11-22,2.71,2.79,2.69,2.75,265142.0
2023-11-24,2.75,3.02,2.75,3.02,699974.0
2023-11-27,2.97,3.11,2.97,3.03,381617.0
2023-11-28,3.03,3.105,2.91,3.06,278173.0
2023-11-29,3.07,3.31,3.07,3.24,415540.0
2023-11-30,3.19,3.36,3.19,3.3,456340.0
2023-12-01,3.37,3.53,3.28,3.52,593131.0
2023-12-04,3.52,3.84,3.49,3.61,799493.0
2023-12-05,3.64,3.66,3.49,3.49,550567.0
2023-12-06,3.525,3.765,3.46,3.59,317242.0
2023-12-07,3.59,3.6011,3.17,3.18,741711.0
2023-12-08,3.18,3.31,3.13,3.21,323381.0
2023-12-11,3.22,3.27,3.0101,3.23,428603.0
2023-12-12,3.22,3.22,3.08,3.12,272924.0
2023-12-13,3.1,3.24,2.92,3.23,384623.0
2023-12-14,3.42,3.73,2.97,3.6,5178109.0
2023-12-15,3.42,3.57,3.255,3.35,1452895.0
2023-12-18,3.34,3.74,3.27,3.54,1175842.0
2023-12-19,3.57,3.655,3.49,3.6,722034.0
2023-12-20,3.57,3.595,3.35,3.35,645765.0
2023-12-21,3.4,3.51,3.37,3.45,268781.0
2023-12-22,3.51,3.69,3.4566,3.6,688810.0
2023-12-26,3.65,3.95,3.6,3.87,924068.0
2023-12-27,3.82,3.88,3.61,3.79,791225.0
2023-12-28,3.76,3.85,3.71,3.8,473075.0
2023-12-29,3.82,3.82,3.61,3.66,494179.0
2024-01-02,3.7,3.785,3.57,3.62,401675.0
2024-01-03,3.58,3.645,3.53,3.59,337188.0
2024-01-04,3.6,3.845,3.55,3.82,980578.0
2024-01-05,3.79,4.145,3.67,4.09,962892.0
2024-01-08,4.13,4.44,3.88,4.39,1326388.0
2024-01-09,4.34,4.45,4.3,4.33,669340.0
2024-01-10,4.34,4.385,4.19,4.2,465950.0
2024-01-11,4.22,4.221,3.89,3.98,888030.0
2024-01-12,4.02,4.2499,3.88,3.96,520367.0
2024-01-16,3.96,3.96,3.77,3.85,480861.0
2024-01-17,3.75,3.8,3.66,3.79,446583.0
2024-01-18,3.84,3.86,3.575,3.63,409038.0
2024-01-19,3.65,3.66,3.49,3.59,420241.0
2024-01-22,3.66,3.85,3.625,3.82,444578.0
2024-01-23,3.88,3.9,3.71,3.76,267479.0
2024-01-24,3.86,3.86,3.5,3.55,461002.0
2024-01-25,3.6,3.65,3.5645,3.65,202226.0
2024-01-26,3.66,3.76,3.64,3.69,233874.0
2024-01-29,3.73,4.06,3.67,4.02,747551.0
2024-01-30,4.0,4.0,3.795,3.91,326896.0
2024-01-31,3.86,4.11,3.84,3.86,405142.0
2024-02-01,3.9,4.12,3.82,4.09,458108.0
2024-02-02,4.04,4.175,3.96,4.07,348133.0
2024-02-05,4.04,4.04,3.88,3.9,298601.0
2024-02-06,3.94,4.145,3.85,4.03,349133.0
2024-02-07,4.03,4.31,3.86,4.23,1052255.0
2024-02-08,4.28,4.47,4.18,4.4,798245.0
2024-02-09,4.45,4.48,4.26,4.41,485307.0
2024-02-12,4.39,5.0,4.31,4.77,1835024.0
2024-02-13,4.71,4.73,4.4,4.49,809564.0
2024-02-14,4.59,4.655,4.35,4.38,511287.0
2024-02-15,4.47,4.615,4.39,4.58,396308.0
2024-02-16,4.52,4.97,4.46,4.92,797630.0
2024-02-20,4.92,5.35,4.83,5.07,1804569.0
2024-02-21,5.07,5.09,4.5,4.62,1064084.0
2024-02-22,4.75,4.9,4.54,4.77,630564.0
2024-02-23,4.8,4.94,4.7,4.91,529242.0
2024-02-26,4.9,5.17,4.89,4.98,957782.0
2024-02-27,4.98,5.66,4.98,5.56,1422235.0
2024-02-28,5.22,5.54,4.66,5.35,2069077.0
2024-02-29,5.49,5.8803,5.47,5.715,890842.0
2024-03-01,5.77,6.27,5.58,6.23,1184602.0
2024-03-04,6.39,6.47,5.88,6.24,1534359.0
2024-03-05,6.17,6.3699,5.79,5.94,944794.0
2024-03-06,6.0,6.16,5.84,5.94,571083.0
2024-03-07,7.42,11.1,7.4,9.0,38105521.0
2024-03-08,9.41,10.1,8.8,9.7,8124571.0
2024-03-11,9.98,9.99,8.269,8.34,3885515.0
2024-03-12,8.4,8.52,7.56,7.86,3295157.0
2024-03-13,7.96,9.215,7.94,8.6,3239417.0
2024-03-14,9.16,9.27,7.91,8.14,2420811.0
2024-03-15,8.1,9.32,8.01,9.17,4018282.0
2024-03-18,9.24,10.03,8.83,9.91,3048222.0
2024-03-19,9.89,10.13,9.26,9.79,2967322.0
2024-03-20,9.78,10.24,9.38,9.88,2105243.0
2024-03-21,10.02,10.45,9.68,9.76,2636509.0
2024-03-22,9.76,10.69,9.71,9.78,3659697.0
2024-03-25,9.87,10.78,9.3304,10.43,3063978.0
2024-03-26,10.51,10.84,9.8,9.86,2616286.0
2024-03-27,9.97,10.09,9.33,9.5,1700163.0
2024-03-28,9.5,10.0,9.2635,9.4,2164499.0
2024-04-01,9.4,9.59,9.02,9.52,1350062.0
2024-04-02,9.32,9.88,8.9732,9.85,1346828.0
2024-04-03,9.69,12.15,9.53,11.75,6598263.0
2024-04-04,12.2,12.22,10.62,10.8,3343628.0
2024-04-05,11.05,11.18,10.66,11.0,1244687.0
2024-04-08,11.0,11.36,10.77,10.89,1177953.0
2024-04-09,10.89,11.0,9.95,10.05,1367914.0
2024-04-10,9.79,10.9931,9.6,10.9,2316726.0
2024-04-11,10.89,10.94,9.96,10.25,1973302.0
2024-04-12,10.2,10.4,9.51,9.67,1376406.0
2024-04-15,10.05,10.47,9.6225,9.78,1162367.0
2024-04-16,9.78,10.02,9.29,9.88,929738.0
2024-04-17,9.94,10.0489,9.49,9.53,781041.0
2024-04-18,9.6,9.66,8.85,8.91,1652076.0
2024-04-19,8.8,9.0,8.31,8.71,1516307.0
2024-04-22,8.64,8.72,8.26,8.68,845962.0
2024-04-23,8.86,9.35,8.79,8.87,1200078.0
2024-04-24,9.04,9.04,8.42,8.46,829480.0
2024-04-25,8.3,8.59,8.17,8.52,1096556.0
2024-04-26,8.53,8.76,8.36,8.52,652548.0
2024-04-29,8.51,9.18,8.35,9.03,1253834.0
2024-04-30,8.97,9.55,8.81,9.52,1095994.0
2024-05-01,9.43,9.69,9.132,9.43,1288283.0
2024-05-02,9.55,9.6,9.21,9.52,653847.0
2024-05-03,9.67,10.34,9.6235,10.0,1087720.0
2024-05-06,10.28,10.28,9.21,9.22,1315136.0
2024-05-07,9.22,9.61,9.2,9.55,1089341.0
2024-05-08,9.35,9.92,9.32,9.61,969370.0
2024-05-09,9.33,9.38,7.9501,9.12,2839564.0
2024-05-10,9.15,9.39,8.78,9.26,988702.0
2024-05-13,9.24,9.24,8.45,8.45,1238501.0
2024-05-14,8.48,8.7397,8.2957,8.49,898027.0
2024-05-15,8.71,9.09,8.61,9.07,1363028.0
2024-05-16,9.08,9.08,8.65,8.65,1055824.0
2024-05-17,8.67,8.78,8.22,8.22,1006949.0
2024-05-20,8.3,8.52,8.07,8.125,1080226.0
2024-05-21,8.06,8.5,7.99,8.345,1489085.0
2024-05-22,8.32,8.72,8.32,8.4,631147.0
2024-05-23,8.43,8.475,7.874,7.95,913956.0
2024-05-24,7.97,8.31,7.88,8.23,974867.0
2024-05-28,8.3,8.48,8.15,8.355,943128.0
2024-05-29,8.83,9.31,8.51,8.91,1787761.0
2024-05-30,8.95,9.14,8.73,8.81,998376.0
2024-05-31,8.93,9.55,8.71,8.8,2702745.0
2024-06-03,8.9,9.15,8.5231,8.66,1090064.0
2024-06-04,8.6,8.65,8.0201,8.25,1525961.0
2024-06-05,7.47,7.58,6.595,7.42,5481261.0
2024-06-06,7.3,7.4,7.02,7.215,1757512.0
2024-06-07,7.09,7.44,7.05,7.25,1188060.0
2024-06-10,7.19,7.9,7.06,7.87,1397792.0
2024-06-11,7.72,8.03,7.25,7.53,1122101.0
2024-06-12,7.74,8.2,7.74,7.85,1071044.0
2024-06-13,7.85,8.12,7.85,8.005,716541.0
2024-06-14,8.0,8.13,7.7,7.74,618735.0
2024-06-17,7.68,7.89,7.405,7.48,891034.0
2024-06-18,7.41,7.6599,7.245,7.32,1068818.0
2024-06-20,7.32,7.43,7.01,7.25,1504737.0
2024-06-21,7.25,7.44,7.07,7.36,4116027.0
2024-06-24,7.45,7.69,7.28,7.38,927545.0
2024-06-25,7.34,7.35,7.07,7.07,1207341.0
2024-06-26,7.07,7.41,6.98,7.27,1163082.0
2024-06-27,7.15,7.45,6.98,7.25,1162084.0
2024-06-28,7.03,7.43,7.0,7.21,11212274.0
2024-07-01,7.17,7.3053,6.9901,7.07,983428.0
2024-07-02,7.02,7.14,6.95,6.96,744320.0
2024-07-03,7.0,7.32,7.0,7.14,525927.0
2024-07-05,7.12,7.15,7.0,7.08,589489.0
2024-07-08,7.13,7.24,6.8,6.83,1108672.0
2024-07-09,6.83,7.105,6.71,7.1,784320.0
2024-07-10,7.11,7.1493,6.9,7.1,866720.0
2024-07-11,7.15,7.57,7.12,7.47,1627905.0
2024-07-12,7.55,7.61,7.38,7.46,862929.0
2024-07-15,7.55,7.9,7.5369,7.82,1008247.0
2024-07-16,7.805,8.585,7.8,8.49,1591622.0
2024-07-17,8.47,8.88,8.18,8.39,1113621.0
2024-07-18,8.43,8.9,8.22,8.23,1235934.0
2024-07-19,8.26,8.325,7.76,7.93,781994.0
2024-07-22,8.05,8.64,7.94,8.61,953889.0
2024-07-23,8.595,8.985,8.42,8.84,772002.0
2024-07-24,8.76,9.3,8.68,8.72,1061879.0
2024-07-25,8.72,9.6,8.69,9.42,1044215.0
2024-07-26,9.61,9.83,9.36,9.395,764042.0
2024-07-29,9.5,9.8,8.89,9.1,830689.0
2024-07-30,9.14,9.208,8.46,8.53,791751.0
2024-07-31,8.65,9.6,8.57,9.26,873292.0
2024-08-01,9.24,9.24,8.26,8.38,974254.0
2024-08-02,8.12,8.37,7.87,8.11,832390.0
2024-08-05,7.52,7.58,7.15,7.47,1034060.0
2024-08-06,7.57,7.81,7.33,7.6,637401.0
2024-08-07,7.76,7.82,7.29,7.31,556752.0
2024-08-08,7.46,7.7498,7.35,7.68,537156.0
2024-08-09,7.7,7.85,6.66,6.91,2348614.0
2024-08-12,6.69,6.9,6.43,6.85,1441092.0
2024-08-13,7.2,7.25,6.53,6.59,1374713.0
2024-08-14,6.9,6.95,6.65,6.655,652887.0
2024-08-15,6.79,6.79,6.24,6.42,1167104.0
2024-08-16,6.47,6.555,6.33,6.36,825653.0
2024-08-19,6.42,6.42,6.12,6.36,935851.0
2024-08-20,6.36,6.4,5.61,6.17,1281150.0
2024-08-21,6.25,6.53,6.11,6.41,1661860.0
2024-08-22,6.4,6.52,5.94,5.975,847641.0
2024-08-23,6.0,6.2197,5.92,6.02,771405.0
2024-08-26,6.04,6.18,5.93,6.12,821454.0
2024-08-27,6.12,6.245,5.86,6.23,756568.0
2024-08-28,6.17,6.21,5.74,5.865,934843.0
2024-08-29,5.99,6.29,5.95,6.01,1046984.0
2024-08-30,6.05,6.107,5.92,6.06,761945.0
2024-09-03,5.98,6.09,5.62,5.8,1446947.0
2024-09-04,5.8,6.265,5.7,6.14,879707.0
2024-09-05,6.2,6.285,5.97,6.135,876049.0
2024-09-06,6.14,6.23,5.87,5.945,472698.0
2024-09-09,5.94,6.1599,5.86,6.01,556304.0
2024-09-10,6.03,6.04,5.69,5.84,619387.0
2024-09-11,5.84,6.0,5.8,5.99,373788.0
2024-09-12,6.03,6.285,5.96,6.18,771002.0
2024-09-13,6.25,6.61,6.09,6.45,961529.0
2024-09-16,6.44,6.51,6.14,6.36,659321.0
2024-09-17,6.43,6.48,5.93,6.06,770343.0
2024-09-18,6.05,6.34,6.0,6.08,638317.0
2024-09-19,6.28,6.48,6.09,6.31,645175.0
2024-09-20,6.29,6.31,5.96,5.97,1886641.0
2024-09-23,5.98,5.9978,5.83,5.87,851601.0
2024-09-24,5.91,6.11,5.81,6.06,729811.0
2024-09-25,6.07,6.0987,5.92,5.96,588821.0
2024-09-26,6.05,6.05,5.825,5.89,729198.0
2024-09-27,5.96,5.96,5.83,5.85,434169.0
2024-09-30,5.82,5.94,5.56,5.69,656263.0
2024-10-01,5.69,5.7,5.48,5.63,609539.0
2024-10-02,5.63,5.63,5.51,5.55,320641.0
2024-10-03,5.51,5.55,5.35,5.465,556286.0
2024-10-04,5.5,5.63,5.422,5.57,410927.0
2024-10-07,5.54,5.56,5.2,5.25,668401.0
2024-10-08,5.25,5.41,5.2,5.28,408136.0
2024-10-09,5.26,5.315,5.1501,5.25,409730.0
2024-10-10,5.25,5.26,5.08,5.17,536297.0
2024-10-11,5.16,5.44,5.0329,5.41,605090.0
2024-10-14,5.56,5.86,5.47,5.81,885981.0
2024-10-15,5.78,6.01,5.6399,5.915,1051271.0
2024-10-16,5.98,6.56,5.9401,6.49,1451976.0
2024-10-17,6.49,6.58,6.3123,6.42,671548.0
2024-10-18,6.45,6.7693,6.35,6.61,656753.0
2024-10-21,6.61,6.62,6.37,6.48,622075.0
2024-10-22,6.46,6.4874,6.15,6.31,533862.0
2024-10-23,6.21,6.39,6.0622,6.22,349423.0
2024-10-24,6.29,6.32,6.05,6.11,297692.0
2024-10-25,6.15,6.24,6.015,6.05,363432.0
2024-10-28,5.98,6.66,5.98,6.65,1125079.0
2024-10-29,6.62,6.6413,6.31,6.45,509468.0
2024-10-30,6.37,6.625,6.33,6.34,404300.0
2024-10-31,6.31,6.4,6.06,6.3,802155.0
2024-11-01,6.27,6.43,6.08,6.14,687023.0
2024-11-04,6.06,6.18,5.87,6.06,591347.0
2024-11-05,6.0,6.16,5.95,6.15,564426.0
2024-11-06,6.39,7.09,6.3,6.75,2432559.0
2024-11-07,6.93,8.04,6.93,7.52,3495153.0
2024-11-08,7.69,9.15,7.6501,8.49,4653107.0
2024-11-11,8.97,9.45,8.89,8.97,2863874.0
2024-11-12,8.62,8.76,8.0,8.19,2436410.0
2024-11-13,8.3,8.75,8.2,8.395,1419850.0
2024-11-14,8.44,8.55,7.94,8.39,2236628.0
2024-11-15,9.0,9.85,7.73,7.76,5466793.0
2024-11-18,7.84,7.8457,6.8,6.84,3172829.0
2024-11-19,6.79,7.38,6.7,7.2,1556839.0
2024-11-20,7.2,7.69,7.03,7.52,965807.0
2024-11-21,7.4,7.58,6.99,7.09,1078680.0
2024-11-22,7.165,7.66,7.05,7.56,1017391.0
2024-11-25,7.75,8.06,7.4,7.61,1324635.0
2024-11-26,7.98,8.54,7.76,8.11,1916924.0
2024-11-27,8.16,8.39,7.94,8.26,1091920.0
2024-11-29,8.3,8.418,7.92,8.17,656304.0
2024-12-02,8.28,8.555,8.12,8.135,1143672.0
2024-12-03,8.1,8.2934,7.26,7.485,1339111.0
2024-12-04,7.62,7.6905,7.31,7.48,888875.0
2024-12-05,7.63,7.6499,6.995,7.11,1023878.0
2024-12-06,7.3,7.61,7.28,7.44,1235087.0
2024-12-09,7.44,7.648,7.28,7.285,654804.0
2024-12-10,7.26,7.36,7.055,7.15,956036.0
2024-12-11,7.26,7.41,7.15,7.31,774450.0
2024-12-12,7.3,7.4284,6.89,7.02,1282712.0
2024-12-13,7.02,7.29,6.9,7.16,1186614.0
2024-12-16,7.16,7.58,7.09,7.4,1264405.0
2024-12-17,7.48,7.57,7.3,7.48,783127.0
2024-12-18,7.49,8.115,6.93,7.225,1980286.0
2024-12-19,7.3,7.47,6.87,7.015,1325719.0
2024-12-20,6.96,7.355,6.9225,7.16,1768262.0
2024-12-23,7.24,7.35,6.91,7.08,995221.0
2024-12-24,7.06,7.35,6.89,7.32,441126.0
2024-12-26,7.15,7.66,6.97,7.63,928352.0
2024-12-27,7.57,7.8699,6.59,6.84,1790516.0
2024-12-30,6.6,6.72,6.4,6.7,1138639.0
2024-12-31,6.71,6.98,6.56,6.96,837720.0
2025-01-02,7.13,7.59,6.97,7.54,1187986.0
2025-01-03,7.65,7.88,7.07,7.18,2065573.0
2025-01-06,7.25,7.835,7.1636,7.69,1211082.0
2025-01-07,8.0,8.83,7.97,8.11,2202415.0
2025-01-08,8.0,8.09,6.93,7.07,1755734.0
2025-01-10,6.9,6.97,6.6215,6.93,1841103.0
2025-01-13,6.77,6.82,6.33,6.495,1180118.0
2025-01-14,6.66,6.66,6.23,6.395,914451.0
2025-01-15,6.5,7.04,6.2846,6.76,1385112.0
2025-01-16,6.73,6.861,6.4,6.51,894087.0
2025-01-17,6.57,7.31,6.43,7.155,2874833.0
2025-01-21,7.26,7.5,7.05,7.18,1360089.0
2025-01-22,7.2,7.23,6.83,7.005,1267146.0
2025-01-23,6.86,7.25,6.83,7.19,887549.0
2025-01-24,7.18,7.3,6.95,6.99,757381.0
2025-01-27,6.85,7.08,6.75,6.9,1044531.0
2025-01-28,7.33,7.5,6.91,7.43,1886681.0
2025-01-29,7.39,7.7,7.13,7.32,1506176.0
2025-01-30,7.38,7.59,7.03,7.13,1117874.0
2025-01-31,7.15,7.32,6.79,6.79,1180913.0
2025-02-03,6.55,7.47,6.48,7.37,2146120.0
2025-02-04,7.48,8.27,7.44,8.17,3458726.0
2025-02-05,8.24,10.2,7.91,9.34,11195646.0
2025-02-06,9.34,9.54,8.92,8.97,3278683.0
2025-02-07,8.87,8.97,8.13,8.26,2223118.0
2025-02-10,8.285,8.6393,7.86,8.18,2043321.0
2025-02-11,8.1,8.49,7.95,8.235,1521508.0
2025-02-12,8.05,8.671,8.0,8.51,2411308.0
2025-02-13,8.68,9.18,8.17,8.65,4705488.0
2025-02-14,9.175,10.4362,9.11,9.89,9080708.0
2025-02-18,9.98,10.35,8.17,8.51,6067350.0
2025-02-19,8.3,8.6,7.81,8.28,2992712.0
2025-02-20,8.26,8.33,7.91,8.18,1851159.0
2025-02-21,8.37,8.5,7.625,7.63,2237912.0
2025-02-24,7.65,7.6942,6.98,7.18,2177778.0
2025-02-25,7.1,7.14,6.615,6.75,2180880.0
2025-02-26,6.75,7.21,6.75,6.82,1281924.0
2025-02-27,6.91,7.15,6.68,6.7,1482649.0
2025-02-28,6.695,6.735,6.46,6.72,1523193.0
2025-03-03,6.79,6.885,6.03,6.07,1747718.0
2025-03-04,6.01,6.265,5.79,6.23,2317212.0
2025-03-05,6.25,6.395,5.97,6.38,1640562.0
2025-03-06,6.06,6.83,6.0,6.61,2050305.0
2025-03-07,6.55,6.91,6.5,6.83,1438145.0
2025-03-10,6.58,6.6399,6.12,6.3,1720230.0
2025-03-11,6.33,6.54,5.96,6.335,1296878.0
2025-03-12,6.48,6.765,6.43,6.45,1391448.0
2025-03-13,6.45,6.57,6.31,6.31,871022.0
2025-03-14,6.48,6.65,6.22,6.35,895018.0
2025-03-17,6.35,6.54,6.235,6.47,650302.0
2025-03-18,6.34,6.485,6.22,6.45,692781.0
2025-03-19,6.43,6.74,6.37,6.7,731183.0
2025-03-20,6.62,6.8462,6.53,6.65,680630.0
2025-03-21,6.51,6.825,6.51,6.72,2188503.0
2025-03-24,6.84,7.05,6.6404,6.92,1105802.0
2025-03-25,6.94,6.9726,6.67,6.78,1041047.0
2025-03-26,6.8,6.83,6.42,6.58,1384864.0
2025-03-27,6.51,6.58,6.27,6.43,1289709.0
2025-03-28,6.38,6.49,6.0975,6.19,1098438.0
2025-03-31,6.0,6.065,5.66,5.85,1540303.0
2025-04-01,5.835,5.835,5.475,5.54,1511904.0
2025-04-02,5.4,6.06,5.3301,5.97,1538383.0
2025-04-03,5.62,5.75,5.44,5.55,1450608.0
2025-04-04,5.24,5.55,4.93,5.43,2670120.0
2025-04-07,5.0,5.55,4.83,5.43,1953680.0
2025-04-08,5.65,5.75,4.7701,4.89,1613452.0
2025-04-09,4.73,5.79,4.7,5.68,2097641.0
2025-04-10,5.51,5.5111,4.99,5.14,1078946.0
2025-04-11,5.14,5.44,5.0539,5.43,605550.0
2025-04-14,5.68,5.85,5.38,5.55,1020187.0
2025-04-15,5.53,5.85,5.45,5.6,652882.0
2025-04-16,5.58,5.6956,5.3613,5.46,507586.0
2025-04-17,5.46,5.8394,5.45,5.77,1168665.0
2025-04-21,5.69,5.74,5.51,5.66,720045.0
2025-04-22,5.73,5.9401,5.72,5.8,965292.0
2025-04-23,6.02,6.33,5.995,6.11,976240.0
2025-04-24,6.12,6.4399,6.1,6.43,701289.0
2025-04-25,6.39,6.41,6.18,6.23,718342.0
2025-04-28,6.28,6.4,6.1701,6.36,478685.0
2025-04-29,6.34,6.46,6.25,6.3,502861.0
2025-04-30,6.1,6.8,6.09,6.39,1902769.0
2025-05-01,6.39,6.645,6.25,6.59,698515.0
2025-05-02,6.76,7.0,6.61,6.93,788819.0
2025-05-05,6.88,6.9096,6.53,6.55,734713.0
2025-05-06,6.58,6.58,6.2847,6.31,947060.0
2025-05-07,6.35,6.66,6.26,6.59,946677.0
2025-05-08,6.51,6.71,6.12,6.46,1199535.0
2025-05-09,6.46,6.5253,6.03,6.15,946722.0
2025-05-12,6.33,6.58,6.33,6.45,729861.0
2025-05-13,6.48,6.5222,6.16,6.37,855310.0
2025-05-14,6.38,6.56,6.3192,6.54,782168.0
2025-05-15,6.51,6.5659,6.2784,6.55,653385.0
2025-05-16,6.55,6.74,6.5123,6.6,660877.0
2025-05-19,6.5,7.03,6.35,7.01,2560651.0
2025-05-20,7.25,8.21,7.12,7.6,4071059.0
2025-05-21,7.45,7.52,6.8501,6.94,1437152.0
2025-05-22,6.9,7.25,6.81,7.07,897465.0
2025-05-23,6.94,7.37,6.72,7.3,1363621.0
2025-05-27,7.585,7.65,7.05,7.14,1506469.0
2025-05-28,7.15,7.3,6.985,7.15,870937.0
2025-05-29,7.18,7.43,7.04,7.26,804077.0
2025-05-30,7.2,7.33,6.95,7.26,863524.0
2025-06-02,7.43,7.69,7.23,7.48,1272111.0
2025-06-03,7.62,8.0,7.4,7.69,1234509.0
2025-06-04,7.74,7.92,7.545,7.65,915481.0
2025-06-05,7.66,7.891,7.46,7.69,956682.0
2025-06-06,7.88,8.005,7.72,7.79,1102062.0
2025-06-09,7.92,7.92,7.54,7.76,871345.0
2025-06-10,7.81,8.1949,7.72,7.89,1096217.0
2025-06-11,7.97,8.05,7.27,7.4,1437718.0
2025-06-12,7.34,7.4923,7.1907,7.3,858732.0
2025-06-13,7.06,7.29,6.98,7.17,986457.0
2025-06-16,7.22,7.2892,7.0819,7.14,509355.0
2025-06-17,7.1,7.17,6.67,6.71,1014704.0
2025-06-18,6.68,7.3374,6.64,7.09,1516867.0
2025-06-20,7.22,7.3,6.8247,7.05,1271794.0
2025-06-23,6.92,6.94,6.345,6.645,1890219.0
2025-06-24,6.78,7.29,6.6603,7.145,2469097.0
2025-06-25,7.16,7.19,6.66,6.84,1470525.0
2025-06-26,6.82,6.9299,6.6601,6.74,658810.0
2025-06-27,6.71,6.88,6.48,6.55,2156197.0
2025-06-30,6.58,6.6399,6.46,6.49,747757.0
2025-07-01,6.52,6.91,6.4,6.68,1348047.0
2025-07-02,6.68,7.2,6.66,7.08,1252064.0
2025-07-03,7.1,7.2499,6.995,7.17,583979.0
2025-07-07,7.11,7.385,6.95,7.2,1330004.0
2025-07-08,7.28,7.5,7.2601,7.47,860338.0
2025-07-09,7.62,7.81,7.54,7.72,1234130.0
2025-07-10,7.7,8.11,7.61,8.1,1335852.0
2025-07-11,8.05,8.17,7.76,8.06,1580654.0
2025-07-14,8.11,8.3352,8.07,8.33,987352.0
2025-07-15,8.4,8.45,8.06,8.07,819274.0
2025-07-16,8.18,8.6,8.15,8.58,1292020.0
2025-07-17,8.65,8.88,8.43,8.88,1037821.0
2025-07-18,8.95,9.195,8.7905,8.88,1252722.0
2025-07-21,8.98,10.24,8.96,9.95,3331427.0
2025-07-22,9.9,10.2,9.55,9.64,1348577.0
2025-07-23,9.77,9.93,9.54,9.91,1042343.0
2025-07-24,9.91,10.0899,9.71,9.72,1045335.0
2025-07-25,9.66,9.8204,9.37,9.76,1222478.0
2025-07-28,9.76,9.79,9.53,9.68,787500.0
2025-07-29,9.68,9.7,9.02,9.14,1627787.0
2025-07-30,9.15,9.44,8.94,9.03,861702.0
2025-07-31,9.01,9.4,9.0,9.09,1218225.0
2025-08-01,8.51,8.83,7.9601,8.44,1599753.0
2025-08-04,8.84,9.41,8.585,9.36,1270550.0
2025-08-05,9.32,9.94,9.18,9.64,1303595.0
2025-08-06,9.62,9.91,9.3123,9.89,835870.0
2025-08-07,9.94,10.0196,9.63,9.99,966475.0
2025-08-08,10.02,10.14,9.67,9.85,1184656.0
2025-08-11,9.82,10.2894,9.78,10.0,1292202.0
2025-08-12,10.13,10.49,9.9003,10.15,1794068.0
2025-08-13,10.19,10.3714,9.915,9.97,1040590.0
2025-08-14,9.69,9.89,9.5532,9.72,884503.0
2025-08-15,9.74,9.75,9.39,9.61,819620.0
2025-08-18,9.55,10.03,9.5,9.75,935535.0
2025-08-19,9.74,9.8499,9.385,9.39,682308.0
2025-08-20,9.37,9.56,9.11,9.45,822868.0
2025-08-21,9.27,9.95,9.25,9.82,764727.0
2025-08-22,9.83,10.35,9.795,10.19,1736643.0
2025-08-25,10.16,11.02,9.795,9.85,2436612.0
2025-08-26,9.83,10.01,9.5905,9.99,1302504.0
2025-08-27,9.95,10.12,9.82,9.85,882436.0
2025-08-28,9.92,10.3,9.75,9.78,1550818.0
2025-08-29,9.78,9.85,8.7,8.88,2054004.0
2025-09-02,8.78,9.265,8.71,9.13,1007466.0
2025-09-03,9.1,9.3,8.94,9.06,666836.0
2025-09-04,9.08,9.25,8.7,9.23,1013471.0
2025-09-05,9.3,9.3402,8.97,9.22,1008618.0
2025-09-08,9.25,9.5,9.07,9.39,1041730.0
2025-09-09,9.42,9.79,9.25,9.77,849049.0
2025-09-10,9.8,9.95,9.26,9.33,1067444.0
2025-09-11,9.32,9.7,9.26,9.65,900242.0
2025-09-12,9.66,9.69,9.36,9.44,960841.0
2025-09-15,9.49,9.67,9.375,9.55,761812.0
2025-09-16,9.59,9.8737,9.425,9.71,988731.0
2025-09-17,9.71,10.04,9.4617,9.57,1404894.0
2025-09-18,9.65,9.81,9.45,9.48,1221490.0
2025-09-19,9.5,9.5899,9.0,9.04,1966352.0
2025-09-22,9.01,9.61,8.7732,9.54,1316182.0
2025-09-23,9.51,10.39,9.35,9.95,2504887.0
2025-09-24,10.04,10.19,9.49,9.82,1366158.0
2025-09-25,9.69,10.3,9.53,9.77,1632203.0
2025-09-26,9.84,10.76,9.6183,10.67,2054913.0
2025-09-29,11.125,12.14,10.88,12.04,4544755.0
2025-09-30,11.97,12.0,11.1723,11.79,2541970.0
2025-10-01,11.63,12.6999,11.5666,12.33,3097587.0
2025-10-02,12.37,12.4519,11.7601,12.22,1427851.0
2025-10-03,12.34,12.76,12.01,12.56,2337302.0
2025-10-06,12.75,12.76,12.19,12.22,1266112.0
2025-10-07,12.21,12.43,11.81,11.97,1663173.0
2025-10-08,12.08,12.94,11.92,12.81,2132131.0
2025-10-09,12.88,12.92,12.22,12.5,1221023.0
2025-10-10,12.53,12.65,11.68,11.81,2167853.0
2025-10-13,12.25,12.75,12.1602,12.25,1590031.0
2025-10-14,12.21,13.09,12.11,12.62,3021774.0
2025-10-15,12.83,13.055,12.47,12.66,1702365.0
2025-10-16,12.76,12.84,11.9,11.91,1725165.0
2025-10-17,11.67,13.86,11.56,13.65,3794951.0
2025-10-20,14.205,14.3,12.92,13.16,3044853.0
2025-10-21,13.02,13.1,12.35,12.64,1618057.0
2025-10-22,12.52,12.63,11.88,12.43,1241302.0
2025-10-23,12.49,12.76,12.34,12.47,866001.0
2025-10-24,12.692,12.74,12.29,12.38,826767.0
2025-10-27,12.6,13.06,12.44,12.83,1311624.0
2025-10-28,12.7,13.08,12.41,12.87,863388.0
2025-10-29,13.02,13.74,12.7002,12.91,1695344.0
2025-10-30,13.0,13.5,12.6,13.39,5849859.0
2025-10-31,13.455,14.43,13.23,14.2,5325688.0
2025-11-03,14.175,14.2,12.105,12.29,3954540.0
2025-11-04,12.0,12.53,11.88,12.0,2205611.0
2025-11-05,11.94,12.0451,11.4,11.53,2123582.0
2025-11-06,11.45,11.7,11.13,11.34,1480306.0
2025-11-07,10.96,11.73,10.61,11.7,2208132.0
2025-11-10,11.83,12.89,11.665,11.75,1819786.0
2025-11-11,11.795,12.85,11.5001,12.48,2004120.0
2025-11-12,12.56,13.15,12.105,12.14,1470277.0
2025-11-13,11.97,12.42,11.61,11.63,1786073.0
2025-11-14,11.23,11.87,11.08,11.35,2051052.0
2025-11-17,11.22,11.5714,11.15,11.34,871391.0
2025-11-18,11.15,11.6,10.82,11.41,1131467.0
2025-11-19,11.36,11.46,10.92,10.93,1244815.0
2025-11-20,11.2,11.82,10.8575,10.88,1425301.0
2025-11-21,10.87,11.1099,10.4646,10.68,1729366.0
2025-11-24,10.69,11.87,10.532,11.75,2134101.0
2025-11-25,11.8,12.08,11.64,11.88,1397726.0
2025-11-26,11.92,12.35,11.69,12.1,1147136.0
2025-11-28,12.2,12.8,12.19,12.65,928028.0
2025-12-01,12.42,12.5884,12.1901,12.26,1046351.0
2025-12-02,12.3,12.76,12.04,12.06,1354237.0
2025-12-03,12.19,12.48,11.92,11.94,1319127.0
2025-12-04,11.91,12.545,11.8,12.43,1200072.0
2025-12-05,12.46,12.68,12.01,12.35,1405037.0
2025-12-08,12.45,13.45,12.42,13.0,3946755.0
2025-12-09,12.97,13.25,12.355,12.5,1419174.0
2025-12-10,12.48,12.6494,12.19,12.38,1806510.0
2025-12-11,12.44,12.99,12.4,12.59,1391625.0
2025-12-12,12.94,13.02,12.29,12.55,1176595.0
2025-12-15,12.59,12.77,12.02,12.08,1056670.0
2025-12-16,12.0,12.53,12.0,12.26,1908714.0
2025-12-17,12.26,12.72,12.08,12.13,1514092.0
2025-12-18,12.35,13.15,12.34,12.54,2875032.0
2025-12-19,12.57,12.88,12.43,12.7,7129147.0
2025-12-22,12.75,13.61,12.64,13.3,2177075.0
2025-12-23,13.65,14.28,13.48,14.02,3176093.0
2025-12-24,14.23,14.23,13.252,13.43,1427261.0
2025-12-26,13.36,13.365,12.7,13.06,1488339.0
2025-12-29,13.095,13.536,13.01,13.46,1139310.0
2025-12-30,13.46,13.47,12.85,12.95,1266317.0
2025-12-31,12.92,13.51,12.92,13.39,1109888.0
2026-01-02,13.5,13.67,13.24,13.64,1663832.0
2026-01-05,14.26,14.81,13.318,13.58,3077653.0
2026-01-06,13.7,14.19,13.06,13.51,2409354.0
2026-01-07,13.67,14.16,13.52,14.03,1916512.0
2026-01-08,13.98,15.29,13.63,14.7,3522087.0
2026-01-09,14.7,14.7933,13.81,13.84,2058185.0
2026-01-12,13.8,13.91,12.882,13.88,2104441.0
2026-01-13,13.92,15.2,13.8311,14.87,3222716.0
2026-01-14,14.86,15.16,14.31,15.02,2061920.0
2026-01-15,15.11,15.49,14.75,15.38,1019196.0
2026-01-16,15.49,15.88,14.87,15.05,1660173.0
2026-01-20,14.64,17.14,14.62,16.78,3680665.0
2026-01-21,16.78,17.61,16.742,17.15,2774850.0
2026-01-22,17.34,18.12,16.805,16.97,3150968.0
2026-01-23,17.31,17.61,16.6901,17.4,2765172.0
2026-01-26,17.385,17.385,16.44,16.51,1992119.0
2026-01-27,16.54,17.66,16.54,17.48,1835577.0
2026-01-28,17.63,17.75,16.65,16.84,1919987.0
2026-01-29,17.145,17.4,16.5,17.24,1076371.0
2026-01-30,17.42,17.76,16.55,16.88,1657321.0
2026-02-02,16.79,18.7,16.79,18.23,2056591.0
2026-02-03,18.155,18.4654,17.01,17.9,1980858.0
2026-02-04,17.6,17.85,16.31,17.03,2009651.0
2026-02-05,16.69,17.3,16.17,16.25,1715377.0
2026-02-06,16.49,17.015,16.46,16.9,1172450.0
2026-02-09,17.0,17.4,16.55,17.35,830001.0
2026-02-10,17.03,17.7999,16.97,17.37,736889.0
2026-02-11,17.7,17.71,16.61,17.35,1180635.0
2026-02-12,17.35,17.54,16.18,16.23,1284327.0
2026-02-13,16.32,16.65,15.615,15.75,1595561.0
2026-02-17,15.88,17.22,15.88,16.9,2456867.0
2026-02-18,16.76,17.78,16.59,17.38,1082367.0
2026-02-19,17.17,17.5,16.59,17.27,1255468.0
2026-02-20,17.27,17.72,16.83,17.13,1011054.0
2026-02-23,17.04,17.4,16.53,16.94,854523.0
2026-02-24,17.05,17.49,16.81,17.435,705715.0
2026-02-25,17.62,17.85,17.3507,17.61,1162745.0
