date,open,high,low,close,volume
2024-08-19 13:30:00,51.0,51.599998474121094,48.599998474121094,50.849998474121094,2650.0
2024-08-20 13:30:00,51.900001525878906,52.5,51.0,51.29999923706055,2253.0
2024-08-21 13:30:00,50.72999954223633,51.33000183105469,49.79999923706055,50.099998474121094,1290.0
2024-08-22 13:30:00,50.400001525878906,52.5,50.400001525878906,51.33000183105469,1680.0
2024-08-23 13:30:00,50.849998474121094,53.70000076293945,50.849998474121094,52.79999923706055,3973.0
2024-08-26 13:30:00,52.5,53.66999816894531,51.599998474121094,52.20000076293945,1677.0
2024-08-27 13:30:00,52.5,55.5,52.5,54.599998474121094,1397.0
2024-08-28 13:30:00,56.099998474121094,56.099998474121094,52.79999923706055,54.0,710.0
2024-08-29 13:30:00,54.599998474121094,56.70000076293945,54.599998474121094,55.5,1850.0
2024-08-30 13:30:00,55.5,55.5,52.5,55.20000076293945,1970.0
2024-09-03 13:30:00,55.20000076293945,56.400001525878906,54.029998779296875,55.20000076293945,1750.0
2024-09-04 13:30:00,55.5,58.79999923706055,54.900001525878906,58.709999084472656,142500.0
2024-09-05 13:30:00,72.30000305175781,79.5,61.22999954223633,66.30000305175781,486197.0
2024-09-06 13:30:00,67.19999694824219,74.0999984741211,64.5,68.0999984741211,57443.0
2024-09-09 13:30:00,67.19999694824219,70.47000122070312,61.20000076293945,68.0999984741211,38540.0
2024-09-10 13:30:00,67.05000305175781,68.69999694824219,61.79999923706055,61.79999923706055,7933.0
2024-09-11 13:30:00,63.599998474121094,67.19999694824219,61.20000076293945,63.0,21817.0
2024-09-12 13:30:00,63.29999923706055,67.94999694824219,60.599998474121094,65.69999694824219,13040.0
2024-09-13 13:30:00,65.69999694824219,69.9000015258789,63.900001525878906,69.9000015258789,19540.0
2024-09-16 13:30:00,69.30000305175781,72.30000305175781,67.94999694824219,68.0999984741211,29857.0
2024-09-17 13:30:00,67.80000305175781,70.19999694824219,67.3499984741211,68.0999984741211,20303.0
2024-09-18 13:30:00,69.30000305175781,70.80000305175781,67.5,67.5,16130.0
2024-09-19 13:30:00,68.69999694824219,69.5999984741211,67.19999694824219,67.80000305175781,6897.0
2024-09-20 13:30:00,68.0999984741211,69.44999694824219,63.0,69.0,37463.0
2024-09-23 13:30:00,68.4000015258789,70.80000305175781,66.5999984741211,69.0,12903.0
2024-09-24 13:30:00,68.69999694824219,75.0,67.80000305175781,69.9000015258789,16977.0
2024-09-25 13:30:00,70.19999694824219,72.08999633789062,69.69000244140625,71.0999984741211,4200.0
2024-09-26 13:30:00,72.0,72.30000305175781,68.4000015258789,71.0999984741211,5490.0
2024-09-27 13:30:00,72.0,73.80000305175781,67.19999694824219,68.4000015258789,6760.0
2024-09-30 13:30:00,67.80000305175781,68.69999694824219,65.4000015258789,67.5,5640.0
2024-10-01 13:30:00,66.5999984741211,72.0,65.43000030517578,67.5,4197.0
2024-10-02 13:30:00,67.5,69.30000305175781,65.69999694824219,68.0999984741211,2727.0
2024-10-03 13:30:00,67.5,69.0,64.80000305175781,67.19999694824219,3227.0
2024-10-04 13:30:00,68.4000015258789,70.19999694824219,66.9000015258789,69.0,2100.0
2024-10-07 13:30:00,69.30000305175781,69.30000305175781,66.62999725341797,67.80000305175781,2153.0
2024-10-08 13:30:00,67.80000305175781,68.55000305175781,63.29999923706055,63.900001525878906,4360.0
2024-10-09 13:30:00,63.599998474121094,64.5,60.599998474121094,60.900001525878906,4627.0
2024-10-10 13:30:00,60.900001525878906,63.900001525878906,60.0,63.29999923706055,2703.0
2024-10-11 13:30:00,63.599998474121094,65.4000015258789,60.29999923706055,64.19999694824219,1323.0
2024-10-14 13:30:00,63.599998474121094,66.5999984741211,61.97999954223633,65.0999984741211,2433.0
2024-10-15 13:30:00,64.19999694824219,66.9000015258789,64.19999694824219,66.0,880.0
2024-10-16 13:30:00,66.30000305175781,68.0999984741211,64.80000305175781,66.9000015258789,1630.0
2024-10-17 13:30:00,67.80000305175781,67.80000305175781,63.29999923706055,64.5,2207.0
2024-10-18 13:30:00,65.4000015258789,67.19999694824219,64.5,66.30000305175781,1133.0
2024-10-21 13:30:00,66.0,67.80000305175781,65.69999694824219,66.9000015258789,1480.0
2024-10-22 13:30:00,68.4000015258789,68.4000015258789,64.19999694824219,66.9000015258789,2007.0
2024-10-23 13:30:00,66.08999633789062,67.5,64.5,65.0999984741211,1470.0
2024-10-24 13:30:00,64.80000305175781,68.69999694824219,64.7699966430664,67.5,3283.0
2024-10-25 13:30:00,68.4000015258789,68.4000015258789,66.30000305175781,66.5999984741211,850.0
2024-10-28 13:30:00,67.19999694824219,67.5,66.30000305175781,66.75,1470.0
2024-10-29 13:30:00,67.19999694824219,68.4000015258789,65.4000015258789,67.5,3277.0
2024-10-30 13:30:00,67.5,67.80000305175781,65.4000015258789,66.30000305175781,1487.0
2024-10-31 13:30:00,66.62999725341797,66.62999725341797,64.19999694824219,65.0999984741211,960.0
2024-11-01 13:30:00,64.5,67.19999694824219,64.5,66.0,877.0
2024-11-04 14:30:00,66.30000305175781,67.5,66.30000305175781,66.9000015258789,393.0
2024-11-05 14:30:00,67.19999694824219,68.0999984741211,65.27999877929688,67.80000305175781,3217.0
2024-11-06 14:30:00,69.9000015258789,69.9000015258789,65.69999694824219,67.80000305175781,3130.0
2024-11-07 14:30:00,67.5,71.0999984741211,64.19999694824219,66.5999984741211,19157.0
2024-11-08 14:30:00,67.19999694824219,69.9000015258789,65.0999984741211,66.30000305175781,3917.0
2024-11-11 14:30:00,66.30000305175781,67.5,64.5,66.5999984741211,1810.0
2024-11-12 14:30:00,66.1500015258789,70.19999694824219,66.1500015258789,68.0999984741211,4600.0
2024-11-13 14:30:00,67.5,68.0999984741211,64.80000305175781,66.9000015258789,3987.0
2024-11-14 14:30:00,67.5,67.5,61.79999923706055,64.19999694824219,4590.0
2024-11-15 14:30:00,63.599998474121094,64.19999694824219,61.5,62.099998474121094,3833.0
2024-11-18 14:30:00,63.29999923706055,63.900001525878906,60.0,63.0,2663.0
2024-11-19 14:30:00,66.0,66.0,61.5,63.0,1593.0
2024-11-20 14:30:00,63.900001525878906,65.4000015258789,61.5,61.79999923706055,3123.0
2024-11-21 14:30:00,61.5,62.70000076293945,55.5,58.20000076293945,20133.0
2024-11-22 14:30:00,54.900001525878906,55.5,48.599998474121094,50.400001525878906,43127.0
2024-11-25 14:30:00,52.5,53.400001525878906,48.0,48.0,8077.0
2024-11-26 14:30:00,51.599998474121094,51.900001525878906,48.900001525878906,48.900001525878906,3903.0
2024-11-27 14:30:00,49.79999923706055,54.599998474121094,47.54999923706055,49.20000076293945,13797.0
2024-11-29 14:30:00,51.29999923706055,52.79999923706055,49.7400016784668,51.0,5300.0
2024-12-02 14:30:00,53.400001525878906,53.400001525878906,49.349998474121094,51.29999923706055,10957.0
2024-12-03 14:30:00,51.900001525878906,51.900001525878906,46.79999923706055,50.400001525878906,13950.0
2024-12-04 14:30:00,51.0,51.29999923706055,48.599998474121094,50.400001525878906,6680.0
2024-12-05 14:30:00,52.20000076293945,53.099998474121094,49.560001373291016,51.599998474121094,7410.0
2024-12-06 14:30:00,53.400001525878906,53.7599983215332,49.5,50.70000076293945,2857.0
2024-12-09 14:30:00,50.70000076293945,50.70000076293945,48.900001525878906,50.400001525878906,4350.0
2024-12-10 14:30:00,49.79999923706055,51.27000045776367,49.5,50.099998474121094,1673.0
2024-12-11 14:30:00,50.400001525878906,50.70000076293945,47.939998626708984,49.79999923706055,1863.0
2024-12-12 14:30:00,49.79999923706055,50.279998779296875,48.29999923706055,48.599998474121094,1073.0
2024-12-13 14:30:00,48.0,48.599998474121094,46.79999923706055,47.70000076293945,3100.0
2024-12-16 14:30:00,47.70000076293945,47.72999954223633,45.29999923706055,46.20000076293945,2607.0
2024-12-17 14:30:00,45.599998474121094,45.630001068115234,43.5,45.599998474121094,2470.0
2024-12-18 14:30:00,46.20000076293945,46.79999923706055,44.099998474121094,44.400001525878906,5047.0
2024-12-19 14:30:00,45.0,45.0,41.939998626708984,42.900001525878906,33867.0
2024-12-20 14:30:00,43.20000076293945,43.5,41.099998474121094,41.70000076293945,13097.0
2024-12-23 14:30:00,42.0,42.0,36.900001525878906,37.79999923706055,7620.0
2024-12-24 14:30:00,39.0,41.400001525878906,39.0,39.599998474121094,4117.0
2024-12-26 14:30:00,39.900001525878906,44.400001525878906,39.45000076293945,42.599998474121094,3627.0
2024-12-27 14:30:00,42.29999923706055,43.5,41.099998474121094,42.900001525878906,1463.0
2024-12-30 14:30:00,43.20000076293945,43.5,40.79999923706055,41.70000076293945,2277.0
2024-12-31 14:30:00,42.0,42.0,40.68000030517578,41.099998474121094,1973.0
2025-01-02 14:30:00,42.599998474121094,43.5,40.2599983215332,42.29999923706055,4393.0
2025-01-03 14:30:00,42.0,44.66999816894531,42.0,43.5,4373.0
2025-01-06 14:30:00,43.5,43.5,40.79999923706055,42.0,2043.0
2025-01-07 14:30:00,43.20000076293945,43.20000076293945,41.400001525878906,42.0,2223.0
2025-01-08 14:30:00,42.0,42.0,39.75,40.20000076293945,1027.0
2025-01-10 14:30:00,42.599998474121094,42.599998474121094,38.400001525878906,39.599998474121094,3117.0
2025-01-13 14:30:00,39.29999923706055,39.720001220703125,36.599998474121094,37.79999923706055,4340.0
2025-01-14 14:30:00,39.0,40.20000076293945,34.79999923706055,35.099998474121094,3200.0
2025-01-15 14:30:00,35.099998474121094,37.79999923706055,34.79999923706055,35.70000076293945,1803.0
2025-01-16 14:30:00,35.400001525878906,37.349998474121094,34.79999923706055,36.599998474121094,1213.0
2025-01-17 14:30:00,37.5,37.5,35.310001373291016,36.29999923706055,747.0
2025-01-21 14:30:00,36.29999923706055,39.0,35.099998474121094,35.70000076293945,1587.0
2025-01-22 14:30:00,35.099998474121094,38.400001525878906,34.79999923706055,37.20000076293945,2803.0
2025-01-23 14:30:00,38.400001525878906,38.70000076293945,36.900001525878906,38.70000076293945,1263.0
2025-01-24 14:30:00,38.70000076293945,40.5,38.70000076293945,39.0,5060.0
2025-01-27 14:30:00,38.70000076293945,39.0,38.400001525878906,38.70000076293945,1613.0
2025-01-28 14:30:00,39.599998474121094,40.20000076293945,37.20000076293945,37.79999923706055,2540.0
2025-01-29 14:30:00,37.79999923706055,38.70000076293945,37.20000076293945,37.79999923706055,1837.0
2025-01-30 14:30:00,38.70000076293945,39.65999984741211,38.099998474121094,39.0,2113.0
2025-01-31 14:30:00,39.0,39.0,37.79999923706055,38.400001525878906,813.0
2025-02-03 14:30:00,38.400001525878906,38.81999969482422,37.20000076293945,38.099998474121094,743.0
2025-02-04 14:30:00,37.79999923706055,38.70000076293945,36.27000045776367,38.279998779296875,1707.0
2025-02-05 14:30:00,37.68000030517578,38.72999954223633,36.0,37.5,2007.0
2025-02-06 14:30:00,36.900001525878906,37.5,35.400001525878906,35.70000076293945,3213.0
2025-02-07 14:30:00,37.79999923706055,37.79999923706055,35.54999923706055,36.29999923706055,3447.0
2025-02-10 14:30:00,38.400001525878906,38.400001525878906,35.400001525878906,36.0,2407.0
2025-02-11 14:30:00,36.29999923706055,36.599998474121094,35.400001525878906,36.0,1327.0
2025-02-12 14:30:00,35.400001525878906,36.599998474121094,34.5,34.79999923706055,1397.0
2025-02-13 14:30:00,34.79999923706055,35.400001525878906,34.20000076293945,34.5,2380.0
2025-02-14 14:30:00,33.599998474121094,35.400001525878906,33.0,33.0,3523.0
2025-02-18 14:30:00,33.0,34.5,32.400001525878906,33.150001525878906,4187.0
2025-02-19 14:30:00,33.599998474121094,34.470001220703125,33.0,33.29999923706055,1703.0
2025-02-20 14:30:00,33.0,33.599998474121094,32.099998474121094,32.70000076293945,3610.0
2025-02-21 14:30:00,33.599998474121094,33.599998474121094,32.099998474121094,32.400001525878906,707.0
2025-02-24 14:30:00,32.099998474121094,33.29999923706055,30.899999618530273,31.049999237060547,2413.0
2025-02-25 14:30:00,30.600000381469727,30.600000381469727,28.020000457763672,28.860000610351562,2750.0
2025-02-26 14:30:00,28.200000762939453,30.0,27.510000228881836,28.200000762939453,2807.0
2025-02-27 14:30:00,28.200000762939453,29.100000381469727,25.200000762939453,25.260000228881836,3253.0
2025-02-28 14:30:00,25.5,26.700000762939453,24.690000534057617,25.3799991607666,2670.0
2025-03-03 14:30:00,25.469999313354492,25.770000457763672,20.399999618530273,23.040000915527344,9463.0
2025-03-04 14:30:00,22.889999389648438,23.190000534057617,21.0,22.3799991607666,3470.0
2025-03-05 14:30:00,25.59000015258789,25.59000015258789,22.5,22.950000762939453,2010.0
2025-03-06 14:30:00,23.579999923706055,24.239999771118164,22.709999084472656,24.18000030517578,857.0
2025-03-07 14:30:00,24.600000381469727,26.700000762939453,24.0,26.34000015258789,2840.0
2025-03-10 13:30:00,26.34000015258789,26.34000015258789,24.600000381469727,24.600000381469727,1647.0
2025-03-11 13:30:00,25.5,25.5,23.520000457763672,25.260000228881836,1240.0
2025-03-12 13:30:00,25.260000228881836,27.1200008392334,23.399999618530273,26.100000381469727,2043.0
2025-03-13 13:30:00,24.65999984741211,27.0,23.940000534057617,26.489999771118164,1840.0
2025-03-14 13:30:00,26.399999618530273,27.0,25.200000762939453,26.969999313354492,2100.0
2025-03-17 13:30:00,27.6299991607666,27.899999618530273,26.100000381469727,26.190000534057617,600.0
2025-03-18 13:30:00,26.790000915527344,28.079999923706055,25.920000076293945,26.399999618530273,1110.0
2025-03-19 13:30:00,25.5,29.670000076293945,25.350000381469727,28.5,2967.0
2025-03-20 13:30:00,27.989999771118164,36.29999923706055,26.489999771118164,31.5,16510.0
2025-03-21 13:30:00,32.70000076293945,34.20000076293945,30.600000381469727,34.20000076293945,11593.0
2025-03-24 13:30:00,34.5,34.650001525878906,30.899999618530273,33.0,3197.0
2025-03-25 13:30:00,35.70000076293945,38.70000076293945,33.29999923706055,34.20000076293945,11810.0
2025-03-26 13:30:00,34.5,35.54999923706055,31.5,34.5,5540.0
2025-03-27 13:30:00,34.5,34.79999923706055,33.150001525878906,34.20000076293945,1770.0
2025-03-28 13:30:00,34.20000076293945,34.5,32.7599983215332,33.0,1907.0
2025-03-31 13:30:00,33.900001525878906,34.79999923706055,31.5,32.70000076293945,2560.0
2025-04-01 13:30:00,32.70000076293945,33.29999923706055,31.950000762939453,32.400001525878906,743.0
2025-04-02 13:30:00,31.5,32.70000076293945,30.899999618530273,31.200000762939453,3087.0
2025-04-03 13:30:00,30.600000381469727,30.899999618530273,28.799999237060547,29.190000534057617,3003.0
2025-04-04 13:30:00,28.799999237060547,28.799999237060547,25.200000762939453,26.399999618530273,22947.0
2025-04-07 13:30:00,26.399999618530273,27.0,23.399999618530273,24.0,8880.0
2025-04-08 13:30:00,25.5,31.200000762939453,25.049999237060547,26.100000381469727,9697.0
2025-04-09 13:30:00,26.700000762939453,28.350000381469727,25.5,27.600000381469727,4137.0
2025-04-10 13:30:00,27.899999618530273,28.110000610351562,25.5,25.5,3067.0
2025-04-11 13:30:00,25.5,26.700000762939453,25.5,26.610000610351562,2240.0
2025-04-14 13:30:00,26.399999618530273,28.5,23.670000076293945,26.760000228881836,2987.0
2025-04-15 13:30:00,26.100000381469727,27.540000915527344,25.5,26.399999618530273,1780.0
2025-04-16 13:30:00,26.3700008392334,28.440000534057617,25.799999237060547,25.860000610351562,2037.0
2025-04-17 13:30:00,25.799999237060547,28.139999389648438,25.559999465942383,26.639999389648438,573.0
2025-04-21 13:30:00,26.700000762939453,26.969999313354492,25.5,25.530000686645508,2813.0
2025-04-22 13:30:00,25.5,28.5,25.5,26.81999969482422,1537.0
2025-04-23 13:30:00,27.299999237060547,28.799999237060547,27.299999237060547,27.329999923706055,1350.0
2025-04-24 13:30:00,28.709999084472656,28.709999084472656,26.399999618530273,28.079999923706055,820.0
2025-04-25 13:30:00,27.299999237060547,27.899999618530273,26.700000762939453,27.899999618530273,1593.0
2025-04-28 13:30:00,28.31999969482422,31.5,27.600000381469727,30.600000381469727,8540.0
2025-04-29 13:30:00,30.0,31.799999237060547,28.920000076293945,30.600000381469727,4817.0
2025-04-30 13:30:00,31.5,34.5,31.5,32.099998474121094,4853.0
2025-05-01 13:30:00,32.099998474121094,32.099998474121094,29.3700008392334,30.899999618530273,5743.0
2025-05-02 13:30:00,32.099998474121094,32.099998474121094,29.700000762939453,31.200000762939453,4310.0
2025-05-05 13:30:00,31.5,31.5,29.040000915527344,30.0,1593.0
2025-05-06 13:30:00,28.799999237060547,33.0,28.709999084472656,30.600000381469727,5410.0
2025-05-07 13:30:00,31.799999237060547,33.0,30.149999618530273,30.899999618530273,5377.0
2025-05-08 13:30:00,30.299999237060547,30.899999618530273,29.100000381469727,30.600000381469727,4183.0
2025-05-09 13:30:00,30.600000381469727,31.200000762939453,29.34000015258789,30.0,960.0
2025-05-12 13:30:00,30.899999618530273,30.899999618530273,29.850000381469727,30.600000381469727,2250.0
2025-05-13 13:30:00,30.0,30.75,28.950000762939453,29.579999923706055,3720.0
2025-05-14 13:30:00,29.489999771118164,30.0,28.739999771118164,29.100000381469727,1653.0
2025-05-15 13:30:00,29.100000381469727,30.209999084472656,28.559999465942383,29.760000228881836,2613.0
2025-05-16 13:30:00,29.399999618530273,30.0,28.829999923706055,29.100000381469727,1567.0
2025-05-19 13:30:00,29.100000381469727,30.600000381469727,28.200000762939453,29.399999618530273,643.0
2025-05-20 13:30:00,28.5,29.670000076293945,25.5,26.610000610351562,2267.0
2025-05-21 13:30:00,26.25,27.450000762939453,25.5,25.5,1303.0
2025-05-22 13:30:00,25.5,25.5,24.030000686645508,25.020000457763672,3423.0
2025-05-23 13:30:00,24.270000457763672,27.0,22.5,25.59000015258789,1863.0
2025-05-27 13:30:00,26.100000381469727,26.700000762939453,24.899999618530273,26.25,6860.0
2025-05-28 13:30:00,27.450000762939453,27.450000762939453,25.079999923706055,26.15999984741211,1393.0
2025-05-29 13:30:00,27.0,27.450000762939453,26.100000381469727,26.489999771118164,707.0
2025-05-30 13:30:00,25.799999237060547,26.549999237060547,25.5,25.799999237060547,237.0
2025-06-02 13:30:00,25.799999237060547,26.3700008392334,23.43000030517578,23.700000762939453,5927.0
2025-06-03 13:30:00,23.100000381469727,26.459999084472656,21.540000915527344,26.309999465942383,8760.0
2025-06-04 13:30:00,25.530000686645508,26.309999465942383,23.940000534057617,25.110000610351562,1257.0
2025-06-05 13:30:00,25.200000762939453,25.200000762939453,22.920000076293945,24.299999237060547,1173.0
2025-06-06 13:30:00,24.0,25.5,23.549999237060547,25.31999969482422,3973.0
2025-06-09 13:30:00,25.5,25.5,23.700000762939453,24.420000076293945,2783.0
2025-06-10 13:30:00,24.0,27.299999237060547,23.700000762939453,24.65999984741211,2407.0
2025-06-11 13:30:00,24.18000030517578,27.09000015258789,23.399999618530273,25.920000076293945,3610.0
2025-06-12 13:30:00,26.399999618530273,26.489999771118164,23.399999618530273,23.90999984741211,2820.0
2025-06-13 13:30:00,23.34000015258789,23.90999984741211,23.100000381469727,23.100000381469727,1890.0
2025-06-16 13:30:00,24.899999618530273,25.40999984741211,23.190000534057617,23.729999542236328,1517.0
2025-06-17 13:30:00,23.700000762939453,26.399999618530273,23.100000381469727,23.549999237060547,5387.0
2025-06-18 13:30:00,24.719999313354492,25.649999618530273,23.520000457763672,24.18000030517578,2393.0
2025-06-20 13:30:00,24.600000381469727,25.350000381469727,22.799999237060547,22.799999237060547,4880.0
2025-06-23 13:30:00,22.799999237060547,25.049999237060547,22.5,23.459999084472656,1670.0
2025-06-24 13:30:00,23.700000762939453,24.8700008392334,22.860000610351562,23.700000762939453,4277.0
2025-06-25 13:30:00,22.979999542236328,24.360000610351562,22.950000762939453,24.299999237060547,1413.0
2025-06-26 13:30:00,24.600000381469727,24.600000381469727,18.899999618530273,19.469999313354492,46760.0
2025-06-27 13:30:00,18.899999618530273,20.610000610351562,18.899999618530273,20.3700008392334,13290.0
2025-06-30 13:30:00,21.299999237060547,23.3700008392334,20.100000381469727,22.350000381469727,3643.0
2025-07-01 13:30:00,22.200000762939453,23.700000762939453,21.030000686645508,21.239999771118164,3243.0
2025-07-02 13:30:00,21.299999237060547,21.899999618530273,20.100000381469727,21.0,9697.0
2025-07-03 13:30:00,21.299999237060547,23.100000381469727,20.15999984741211,21.899999618530273,12000.0
2025-07-07 13:30:00,21.899999618530273,22.770000457763672,21.059999465942383,21.8700008392334,2250.0
2025-07-08 13:30:00,21.299999237060547,23.399999618530273,20.190000534057617,21.809999465942383,3160.0
2025-07-09 13:30:00,21.899999618530273,22.59000015258789,21.059999465942383,21.6299991607666,2853.0
2025-07-10 13:30:00,21.600000381469727,23.579999923706055,21.600000381469727,22.440000534057617,710.0
2025-07-11 13:30:00,21.299999237060547,23.280000686645508,20.579999923706055,21.299999237060547,3250.0
2025-07-14 13:30:00,21.0,21.93000030517578,20.700000762939453,21.540000915527344,3447.0
2025-07-15 13:30:00,21.0,21.600000381469727,20.729999542236328,21.09000015258789,1667.0
2025-07-16 13:30:00,21.600000381469727,23.25,20.399999618530273,21.149999618530273,8930.0
2025-07-17 13:30:00,21.299999237060547,23.100000381469727,20.100000381469727,20.760000228881836,5357.0
2025-07-18 13:30:00,21.059999465942383,22.200000762939453,20.700000762939453,20.700000762939453,2470.0
2025-07-21 13:30:00,20.700000762939453,22.200000762939453,20.399999618530273,20.969999313354492,2853.0
2025-07-22 13:30:00,20.969999313354492,22.200000762939453,20.43000030517578,21.0,5017.0
2025-07-23 13:30:00,20.8799991607666,21.899999618530273,20.399999618530273,21.329999923706055,643.0
2025-07-24 13:30:00,21.899999618530273,21.899999618530273,21.299999237060547,21.299999237060547,1413.0
2025-07-25 13:30:00,21.899999618530273,22.31999969482422,20.729999542236328,21.420000076293945,2530.0
2025-07-28 13:30:00,20.90999984741211,22.68000030517578,20.90999984741211,21.0,667.0
2025-07-29 13:30:00,21.600000381469727,21.93000030517578,20.700000762939453,21.0,823.0
2025-07-30 13:30:00,20.549999237060547,22.5,20.549999237060547,21.0,1293.0
2025-07-31 13:30:00,21.600000381469727,22.110000610351562,21.0,21.56999969482422,6117.0
2025-08-01 13:30:00,21.299999237060547,22.200000762939453,21.059999465942383,21.450000762939453,1333.0
2025-08-04 13:30:00,21.299999237060547,22.200000762939453,21.0,22.170000076293945,3237.0
2025-08-05 13:30:00,22.200000762939453,22.200000762939453,21.0,21.149999618530273,8327.0
2025-08-06 13:30:00,21.899999618530273,22.5,21.600000381469727,22.200000762939453,2790.0
2025-08-07 13:30:00,22.5,22.5,21.899999618530273,22.020000457763672,1287.0
2025-08-08 13:30:00,22.5,23.280000686645508,21.030000686645508,22.469999313354492,5577.0
2025-08-11 13:30:00,21.93000030517578,22.5,21.450000762939453,21.690000534057617,1383.0
2025-08-12 13:30:00,21.899999618530273,22.350000381469727,21.450000762939453,21.479999542236328,753.0
2025-08-13 13:30:00,22.200000762939453,22.5,21.600000381469727,21.84000015258789,2053.0
2025-08-14 13:30:00,22.5,22.709999084472656,21.600000381469727,22.110000610351562,3550.0
2025-08-15 13:30:00,21.75,22.139999389648438,20.549999237060547,21.600000381469727,1203.0
2025-08-18 13:30:00,21.600000381469727,22.469999313354492,21.0,21.030000686645508,2003.0
2025-08-19 13:30:00,21.0,21.899999618530273,21.0,21.0,777.0
2025-08-20 13:30:00,21.0,21.84000015258789,21.0,21.299999237060547,1403.0
2025-08-21 13:30:00,21.0,21.84000015258789,21.0,21.0,623.0
2025-08-22 13:30:00,21.0,22.049999237060547,21.0,21.600000381469727,7590.0
2025-08-25 13:30:00,22.200000762939453,23.700000762939453,21.420000076293945,22.799999237060547,2977.0
2025-08-26 13:30:00,23.100000381469727,23.700000762939453,22.5,22.5,1647.0
2025-08-27 13:30:00,22.799999237060547,23.3700008392334,21.899999618530273,22.229999542236328,1363.0
2025-08-28 13:30:00,22.799999237060547,23.34000015258789,22.200000762939453,22.200000762939453,1100.0
2025-08-29 13:30:00,22.020000457763672,22.649999618530273,21.690000534057617,21.690000534057617,877.0
2025-09-02 13:30:00,20.549999237060547,22.799999237060547,20.549999237060547,21.1200008392334,4387.0
2025-09-03 13:30:00,21.0,21.899999618530273,21.0,21.56999969482422,1503.0
2025-09-04 13:30:00,21.600000381469727,21.75,21.0,21.239999771118164,817.0
2025-09-05 13:30:00,21.329999923706055,21.84000015258789,21.299999237060547,21.479999542236328,563.0
2025-09-08 13:30:00,21.75,22.59000015258789,21.600000381469727,21.600000381469727,1367.0
2025-09-09 13:30:00,21.899999618530273,22.200000762939453,20.579999923706055,21.270000457763672,3183.0
2025-09-10 13:30:00,20.729999542236328,21.600000381469727,20.549999237060547,20.729999542236328,2360.0
2025-09-11 13:30:00,20.700000762939453,21.600000381469727,20.700000762939453,21.0,204177.0
2025-09-12 13:30:00,22.469999313354492,30.0,21.600000381469727,22.5,483010.0
2025-09-15 13:30:00,23.309999465942383,24.8700008392334,21.329999923706055,22.440000534057617,42313.0
2025-09-16 13:30:00,21.299999237060547,22.170000076293945,19.6200008392334,21.0,40467.0
2025-09-17 13:30:00,20.399999618530273,22.139999389648438,20.399999618530273,21.75,7960.0
2025-09-18 13:30:00,21.780000686645508,22.40999984741211,21.600000381469727,21.899999618530273,4500.0
2025-09-19 13:30:00,21.899999618530273,22.829999923706055,21.1200008392334,22.829999923706055,10967.0
2025-09-22 13:30:00,21.600000381469727,23.100000381469727,21.209999084472656,21.809999465942383,14490.0
2025-09-23 13:30:00,21.299999237060547,22.170000076293945,21.1200008392334,21.450000762939453,9380.0
2025-09-24 13:30:00,21.56999969482422,22.200000762939453,21.450000762939453,21.8700008392334,4067.0
2025-09-25 13:30:00,21.84000015258789,21.8700008392334,20.399999618530273,21.149999618530273,9700.0
2025-09-26 13:30:00,21.0,21.1200008392334,20.760000228881836,21.1200008392334,7677.0
2025-09-29 13:30:00,21.0,21.8700008392334,20.969999313354492,21.0,31910.0
2025-09-30 13:30:00,20.81999969482422,21.420000076293945,20.81999969482422,21.0,3163.0
2025-10-01 13:30:00,20.700000762939453,21.329999923706055,20.489999771118164,20.8799991607666,3643.0
2025-10-02 13:30:00,20.399999618530273,20.940000534057617,20.399999618530273,20.700000762939453,2523.0
2025-10-03 13:30:00,21.299999237060547,21.719999313354492,20.25,20.399999618530273,6993.0
2025-10-06 13:30:00,20.25,21.149999618530273,20.25,20.43000030517578,4807.0
2025-10-07 13:30:00,20.81999969482422,20.81999969482422,19.829999923706055,20.100000381469727,11467.0
2025-10-08 13:30:00,20.100000381469727,20.15999984741211,19.799999237060547,19.979999542236328,4480.0
2025-10-09 13:30:00,19.950000762939453,20.280000686645508,19.799999237060547,20.010000228881836,2763.0
2025-10-10 13:30:00,20.010000228881836,20.100000381469727,18.75,18.899999618530273,18563.0
2025-10-13 13:30:00,19.5,19.5,18.030000686645508,18.450000762939453,4700.0
2025-10-14 13:30:00,18.059999465942383,18.299999237060547,17.100000381469727,17.3700008392334,22937.0
2025-10-15 13:30:00,18.149999618530273,18.479999542236328,17.100000381469727,17.3700008392334,15047.0
2025-10-16 13:30:00,17.399999618530273,18.1200008392334,16.5,16.649999618530273,15370.0
2025-10-17 13:30:00,17.100000381469727,18.0,16.5,17.34000015258789,9287.0
2025-10-20 13:30:00,17.969999313354492,18.780000686645508,17.34000015258789,18.239999771118164,7690.0
2025-10-21 13:30:00,18.0,18.239999771118164,17.700000762939453,17.90999984741211,5430.0
2025-10-22 13:30:00,18.0,18.0,17.399999618530273,17.489999771118164,2793.0
2025-10-23 13:30:00,17.81999969482422,17.81999969482422,16.649999618530273,16.739999771118164,10330.0
2025-10-24 13:30:00,16.5,17.15999984741211,16.5,16.530000686645508,2390.0
2025-10-27 13:30:00,16.829999923706055,18.0,16.260000228881836,16.3799991607666,4180.0
2025-10-28 13:30:00,16.200000762939453,16.5,15.65999984741211,16.170000076293945,9620.0
2025-10-29 13:30:00,16.5,16.5,15.600000381469727,15.720000267028809,5500.0
2025-10-30 13:30:00,15.600000381469727,16.3799991607666,15.0600004196167,15.479999542236328,6500.0
2025-10-31 13:30:00,15.8100004196167,16.469999313354492,14.699999809265137,14.850000381469727,9993.0
2025-11-03 14:30:00,16.200000762939453,18.65999984741211,15.0,16.68000030517578,499867.0
2025-11-04 14:30:00,16.469999313354492,18.600000381469727,15.300000190734863,16.979999542236328,249500.0
2025-11-05 14:30:00,16.110000610351562,16.110000610351562,14.130000114440918,14.789999961853027,62277.0
2025-11-06 14:30:00,14.579999923706055,18.0,13.800000190734863,15.300000190734863,109390.0
2025-11-07 14:30:00,15.869999885559082,15.899999618530273,13.739999771118164,15.600000381469727,40247.0
2025-11-10 14:30:00,15.569999694824219,15.899999618530273,14.699999809265137,15.300000190734863,12677.0
2025-11-11 14:30:00,15.300000190734863,15.300000190734863,13.979999542236328,14.699999809265137,13150.0
2025-11-12 14:30:00,14.25,15.300000190734863,14.130000114440918,14.489999771118164,12907.0
2025-11-13 14:30:00,14.489999771118164,14.9399995803833,13.890000343322754,14.399999618530273,9293.0
2025-11-14 14:30:00,14.100000381469727,16.5,14.100000381469727,15.989999771118164,20400.0
2025-11-17 14:30:00,16.229999542236328,17.100000381469727,15.180000305175781,15.569999694824219,15710.0
2025-11-18 14:30:00,15.75,15.8100004196167,14.760000228881836,15.270000457763672,9650.0
2025-11-19 14:30:00,15.0,15.210000038146973,14.399999618530273,14.729999542236328,3163.0
2025-11-20 14:30:00,14.550000190734863,14.699999809265137,13.199999809265137,13.40999984741211,16660.0
2025-11-21 14:30:00,13.5,13.529999732971191,12.65999984741211,13.319999694824219,9423.0
2025-11-24 14:30:00,13.289999961853027,13.289999961853027,8.399999618530273,12.420000076293945,20547.0
2025-11-25 14:30:00,12.449999809265137,13.140000343322754,11.90999984741211,12.0,4947.0
2025-11-26 14:30:00,12.0,12.84000015258789,11.729999542236328,11.789999961853027,5627.0
2025-11-28 14:30:00,12.420000076293945,12.600000381469727,11.819999694824219,11.819999694824219,2670.0
2025-12-01 14:30:00,11.819999694824219,13.529999732971191,11.819999694824219,12.600000381469727,16790.0
2025-12-02 14:30:00,12.600000381469727,13.619999885559082,11.699999809265137,11.819999694824219,16293.0
2025-12-03 14:30:00,11.90999984741211,12.779999732971191,11.699999809265137,12.630000114440918,2133.0
2025-12-04 14:30:00,12.630000114440918,13.770000457763672,12.449999809265137,13.529999732971191,5867.0
2025-12-05 14:30:00,13.739999771118164,13.920000076293945,13.5,13.680000305175781,2980.0
2025-12-08 14:30:00,13.800000190734863,14.010000228881836,13.260000228881836,13.260000228881836,9013.0
2025-12-09 14:30:00,13.5,13.979999542236328,12.8100004196167,13.5600004196167,10623.0
2025-12-10 14:30:00,11.399999618530273,11.550000190734863,9.0600004196167,9.420000076293945,110953.0
2025-12-11 14:30:00,9.899999618530273,10.770000457763672,9.75,10.350000381469727,32863.0
2025-12-12 14:30:00,10.5,10.5600004196167,9.510000228881836,10.380000114440918,20667.0
2025-12-15 14:30:00,10.619999885559082,12.600000381469727,10.319999694824219,11.100000381469727,36117.0
2025-12-16 14:30:00,10.949999809265137,11.130000114440918,10.289999961853027,10.289999961853027,22867.0
2025-12-17 14:30:00,10.5,11.520000457763672,10.199999809265137,10.619999885559082,8837.0
2025-12-18 14:30:00,11.010000228881836,12.600000381469727,10.59000015258789,10.649999618530273,31817.0
2025-12-19 14:30:00,10.649999618530273,11.399999618530273,10.140000343322754,10.229999542236328,16180.0
2025-12-22 14:30:00,10.40999984741211,11.069999694824219,10.199999809265137,10.229999542236328,10103.0
2025-12-23 14:30:00,10.050000190734863,10.5,9.600000381469727,10.020000457763672,20710.0
2025-12-24 14:30:00,10.5,12.75,10.470000267028809,12.09000015258789,26687.0
2025-12-26 14:30:00,12.0600004196167,12.210000038146973,11.550000190734863,11.90999984741211,3400.0
2025-12-29 14:30:00,11.699999809265137,12.300000190734863,11.699999809265137,11.699999809265137,3167.0
2025-12-30 14:30:00,11.640000343322754,11.970000267028809,10.649999618530273,10.859999656677246,14157.0
2025-12-31 14:30:00,11.279999732971191,11.399999618530273,10.4399995803833,10.920000076293945,9637.0
2026-01-02 14:30:00,10.949999809265137,11.699999809265137,10.800000190734863,11.550000190734863,3157.0
2026-01-05 14:30:00,12.0600004196167,12.539999961853027,11.640000343322754,11.670000076293945,10050.0
2026-01-06 14:30:00,12.0,12.569999694824219,11.760000228881836,12.09000015258789,6927.0
2026-01-07 14:30:00,12.899999618530273,13.710000038146973,12.0600004196167,13.350000381469727,14593.0
2026-01-08 14:30:00,13.680000305175781,14.970000267028809,12.65999984741211,14.430000305175781,21167.0
2026-01-09 14:30:00,15.0,15.8100004196167,14.430000305175781,14.640000343322754,22383.0
2026-01-12 14:30:00,15.600000381469727,15.6899995803833,13.800000190734863,14.25,10910.0
2026-01-13 14:30:00,15.0,15.0,13.380000114440918,14.3100004196167,9270.0
2026-01-14 14:30:00,14.34000015258789,14.819999694824219,13.829999923706055,13.829999923706055,5007.0
2026-01-15 14:30:00,14.010000228881836,14.670000076293945,13.979999542236328,14.220000267028809,3617.0
2026-01-16 14:30:00,14.399999618530273,14.819999694824219,14.100000381469727,14.25,830.0
2026-01-20 14:30:00,15.0,15.0,13.979999542236328,14.220000267028809,3993.0
2026-01-21 14:30:00,15.359999656677246,15.359999656677246,13.59000015258789,13.800000190734863,2227.0
2026-01-22 14:30:00,14.760000228881836,14.789999961853027,14.100000381469727,14.130000114440918,3910.0
2026-01-23 14:30:00,14.699999809265137,15.0,13.680000305175781,14.010000228881836,10290.0
2026-01-26 14:30:00,14.699999809265137,14.699999809265137,13.050000190734863,13.890000343322754,7753.0
2026-01-27 14:30:00,14.100000381469727,14.399999618530273,13.5,14.069999694824219,1643.0
2026-01-28 14:30:00,14.039999961853027,14.069999694824219,12.899999618530273,13.140000343322754,5027.0
2026-01-29 14:30:00,13.800000190734863,13.949999809265137,12.600000381469727,12.779999732971191,3423.0
2026-01-30 14:30:00,13.350000381469727,14.399999618530273,12.899999618530273,13.529999732971191,8777.0
2026-02-02 14:30:00,13.949999809265137,14.670000076293945,13.739999771118164,14.279999732971191,6240.0
2026-02-03 14:30:00,13.770000457763672,14.520000457763672,13.350000381469727,13.680000305175781,2823.0
2026-02-04 14:30:00,13.5,14.100000381469727,12.779999732971191,13.079999923706055,13040.0
2026-02-05 14:30:00,13.140000343322754,14.279999732971191,12.899999618530273,13.260000228881836,11460.0
2026-02-06 14:30:00,14.34000015258789,14.34000015258789,13.079999923706055,13.109999656677246,8673.0
2026-02-09 14:30:00,14.550000190734863,14.699999809265137,12.600000381469727,12.720000267028809,4577.0
2026-02-10 14:30:00,13.529999732971191,13.529999732971191,12.630000114440918,12.869999885559082,2173.0
2026-02-11 14:30:00,13.770000457763672,14.670000076293945,13.350000381469727,13.649999618530273,8747.0
2026-02-12 14:30:00,14.279999732971191,14.279999732971191,13.050000190734863,13.40999984741211,4770.0
2026-02-13 14:30:00,13.5,14.399999618530273,12.960000038146973,13.59000015258789,4613.0
2026-02-17 14:30:00,13.800000190734863,14.399999618530273,13.170000076293945,13.739999771118164,10173.0
2026-02-18 14:30:00,13.710000038146973,14.3100004196167,13.5,13.529999732971191,6187.0
2026-02-19 14:30:00,14.039999961853027,15.600000381469727,13.770000457763672,15.270000457763672,11173.0
2026-02-20 14:30:00,15.65999984741211,16.200000762939453,14.579999923706055,14.760000228881836,10960.0
2026-02-23 14:30:00,15.449999809265137,15.479999542236328,14.279999732971191,14.609999656677246,4740.0
2026-02-24 14:30:00,15.0,15.180000305175781,14.100000381469727,14.130000114440918,5373.0
2026-02-25 14:30:00,14.100000381469727,15.0,13.829999923706055,13.829999923706055,5007.0
2026-02-26 14:30:00,14.010000228881836,14.369999885559082,13.5,13.5,2127.0
2026-02-27 14:30:00,13.59000015258789,14.699999809265137,6.420000076293945,7.409999847412109,107307.0
2026-03-02 14:30:00,7.769999980926514,8.34000015258789,4.619999885559082,4.710000038146973,183990.0
2026-03-03 14:30:00,3.690000057220459,5.400000095367432,3.5399999618530273,5.039999961853027,315097.0
2026-03-04 14:30:00,5.400000095367432,5.789999961853027,4.619999885559082,5.699999809265137,120933.0
2026-03-05 14:30:00,5.96999979019165,7.019999980926514,5.400000095367432,6.03000020980835,96173.0
2026-03-06 14:30:00,6.0,6.599999904632568,5.550000190734863,5.96999979019165,61957.0
2026-03-09 13:30:00,6.0,6.75,5.699999809265137,5.940000057220459,66837.0
2026-03-10 13:30:00,6.449999809265137,7.710000038146973,5.940000057220459,6.449999809265137,102440.0
2026-03-11 13:30:00,6.239999771118164,6.809999942779541,6.150000095367432,6.599999904632568,25717.0
2026-03-12 13:30:00,6.900000095367432,7.5,6.300000190734863,6.71999979019165,11283.0
2026-03-13 13:30:00,6.75,7.199999809265137,6.570000171661377,6.71999979019165,23787.0
2026-03-16 13:30:00,7.440000057220459,7.440000057220459,6.389999866485596,6.929999828338623,17827.0
2026-03-17 13:30:00,6.78000020980835,7.800000190734863,6.78000020980835,6.929999828338623,27227.0
2026-03-18 13:30:00,7.289999961853027,7.289999961853027,6.0,6.510000228881836,44927.0
2026-03-19 13:30:00,6.510000228881836,6.71999979019165,5.760000228881836,5.760000228881836,22897.0
2026-03-20 13:30:00,5.849999904632568,6.300000190734863,5.400000095367432,5.489999771118164,28533.0
2026-03-23 13:30:00,6.329999923706055,6.329999923706055,5.309999942779541,5.340000152587891,17567.0
2026-03-24 13:30:00,5.21999979019165,5.369999885559082,4.860000133514404,5.130000114440918,36673.0
2026-03-25 13:30:00,5.579999923706055,5.909999847412109,5.28000020980835,5.610000133514404,25223.0
2026-03-26 13:30:00,5.489999771118164,5.699999809265137,5.130000114440918,5.21999979019165,42140.0
2026-03-27 13:30:00,4.949999809265137,5.190000057220459,4.53000020980835,4.710000038146973,89013.0
2026-03-30 13:30:00,5.039999961853027,5.039999961853027,4.380000114440918,4.559999942779541,86967.0
2026-03-31 13:30:00,4.195000171661377,6.159999847412109,4.195000171661377,5.28000020980835,266600.0
2026-04-01 13:30:00,5.099999904632568,5.650000095367432,4.860000133514404,5.380000114440918,63600.0
2026-04-02 13:30:00,5.190000057220459,5.380000114440918,4.550000190734863,5.010000228881836,67500.0
2026-04-06 13:30:00,5.0,5.611999988555908,4.889999866485596,5.539999961853027,25400.0
2026-04-07 13:30:00,5.510000228881836,5.510000228881836,5.190000057220459,5.239999771118164,18500.0
2026-04-08 13:30:00,5.651000022888184,5.651000022888184,5.090000152587891,5.099999904632568,25500.0
2026-04-09 13:30:00,5.074999809265137,5.289999961853027,4.539999961853027,5.019999980926514,627900.0
2026-04-10 13:30:00,5.090000152587891,5.090000152587891,4.789999961853027,4.909999847412109,39400.0
2026-04-13 13:30:00,4.980000019073486,4.980000019073486,4.440000057220459,4.489999771118164,66700.0
2026-04-14 13:30:00,4.539999961853027,5.0,4.409999847412109,4.809999942779541,72900.0
2026-04-15 13:30:00,4.679999828338623,4.928999900817871,4.59499979019165,4.679999828338623,35000.0
2026-04-16 13:30:00,4.829999923706055,4.949999809265137,4.46999979019165,4.820000171661377,30100.0
2026-04-17 13:30:00,4.909999847412109,5.909999847412109,4.730000019073486,5.860000133514404,56400.0
2026-04-20 13:30:00,4.494999885559082,5.5,4.494999885559082,5.409999847412109,101900.0
2026-04-21 13:30:00,5.420000076293945,5.449999809265137,4.96999979019165,5.0,33300.0
2026-04-22 13:30:00,5.070000171661377,5.25,4.840000152587891,4.925000190734863,24400.0
2026-04-23 13:30:00,4.980000019073486,5.0,4.644999980926514,4.644999980926514,11300.0
2026-04-24 13:30:00,4.699999809265137,4.909999847412109,4.539999961853027,4.860000133514404,20900.0
2026-04-27 13:30:00,4.909999847412109,4.929999828338623,4.300000190734863,4.349999904632568,43700.0
2026-04-28 13:30:00,4.360000133514404,4.460000038146973,4.275000095367432,4.309999942779541,28200.0
2026-04-29 13:30:00,4.349999904632568,4.46999979019165,4.070000171661377,4.170000076293945,14700.0
2026-04-30 13:30:00,4.324999809265137,4.449999809265137,4.199999809265137,4.340000152587891,8800.0
2026-05-01 13:30:00,4.340000152587891,4.388000011444092,4.090000152587891,4.139999866485596,37100.0
2026-05-04 13:30:00,4.159999847412109,4.491000175476074,4.0,4.070000171661377,15000.0
2026-05-05 13:30:00,4.199999809265137,4.460000038146973,3.9100000858306885,3.9700000286102295,21400.0
2026-05-06 13:30:00,4.0,4.099999904632568,3.7799999713897705,3.9100000858306885,16600.0
2026-05-07 13:30:00,3.799999952316284,4.019999980926514,3.799999952316284,3.950000047683716,11600.0
2026-05-08 13:30:00,4.125,4.125,3.680000066757202,3.7799999713897705,11900.0
2026-05-11 13:30:00,3.799999952316284,3.869999885559082,3.609999895095825,3.819999933242798,30000.0
2026-05-12 13:30:00,3.869999885559082,3.869999885559082,3.5799999237060547,3.5850000381469727,15400.0
2026-05-13 13:30:00,3.680000066757202,3.950000047683716,3.2799999713897705,3.299999952316284,18700.0
2026-05-14 13:30:00,3.2799999713897705,3.4600000381469727,3.2799999713897705,3.4600000381469727,14200.0
2026-05-15 13:30:00,3.7200000286102295,3.7200000286102295,3.200000047683716,3.369999885559082,11200.0
2026-05-18 13:30:00,3.299999952316284,3.4749999046325684,3.134000062942505,3.359999895095825,14300.0
2026-05-19 13:30:00,3.555000066757202,3.8450000286102295,3.180000066757202,3.3299999237060547,66400.0
2026-05-20 13:30:00,3.940000057220459,3.950000047683716,3.299999952316284,3.950000047683716,41100.0
2026-05-21 13:30:00,4.019999980926514,4.239999771118164,3.6500000953674316,4.150000095367432,15300.0
2026-05-22 13:30:00,4.0,4.5,3.9800000190734863,4.340000152587891,18200.0
2026-05-26 13:30:00,4.409999847412109,5.289999961853027,4.269999980926514,4.900000095367432,39600.0
2026-05-27 13:30:00,4.829999923706055,4.880000114440918,4.489999771118164,4.880000114440918,11100.0
2026-05-28 13:30:00,4.849999904632568,5.449999809265137,4.715000152587891,5.139999866485596,16600.0
2026-05-29 13:30:00,5.449999809265137,5.599999904632568,4.800000190734863,4.980000019073486,24100.0
2026-06-01 13:30:00,5.0,5.5,4.789999961853027,5.179999828338623,12100.0
2026-06-02 13:30:00,5.34499979019165,5.34499979019165,4.614999771118164,4.789999961853027,17000.0
2026-06-03 13:30:00,4.760000228881836,4.885000228881836,4.690000057220459,4.690000057220459,8300.0
2026-06-04 13:30:00,4.860000133514404,4.989999771118164,4.599999904632568,4.989999771118164,11700.0
2026-06-05 13:30:00,4.849999904632568,5.059999942779541,4.215000152587891,4.639999866485596,22100.0
2026-06-08 13:30:00,4.610000133514404,5.289999961853027,4.610000133514404,4.860000133514404,26400.0
2026-06-09 13:30:00,4.880000114440918,4.880000114440918,4.53000020980835,4.670000076293945,18700.0
2026-06-10 13:30:00,4.650000095367432,5.21999979019165,4.414999961853027,4.670000076293945,15300.0
2026-06-11 13:30:00,4.760000228881836,5.159999847412109,4.64300012588501,4.900000095367432,15000.0
2026-06-12 13:30:00,4.71999979019165,5.090000152587891,4.650000095367432,4.769999980926514,25600.0
2026-06-15 13:30:00,4.914999961853027,5.510000228881836,4.849999904632568,5.260000228881836,50100.0
2026-06-16 13:30:00,5.269999980926514,5.519999980926514,4.829999923706055,4.909999847412109,61400.0
2026-06-17 13:30:00,4.929999828338623,5.099999904632568,4.449999809265137,4.460000038146973,37300.0
2026-06-18 13:30:00,4.349999904632568,5.289999961853027,4.099999904632568,5.150000095367432,96300.0
2026-06-22 13:30:00,5.179999828338623,5.230000019073486,4.25,4.340000152587891,35300.0
2026-06-23 13:30:00,4.300000190734863,4.869999885559082,4.260000228881836,4.289999961853027,77100.0
2026-06-24 13:30:00,5.03000020980835,5.099999904632568,3.930000066757202,4.195000171661377,391300.0
2026-06-25 13:30:00,4.25,4.360000133514404,4.001999855041504,4.119999885559082,55300.0
2026-06-26 13:30:00,4.239999771118164,5.809999942779541,4.040999889373779,4.940000057220459,889500.0
2026-06-29 13:30:00,4.610000133514404,6.0,4.5,4.880000114440918,284100.0
2026-06-30 13:30:00,4.800000190734863,5.03000020980835,4.260000228881836,4.5,299600.0
2026-07-01 13:30:00,4.494999885559082,4.71999979019165,4.400000095367432,4.679999828338623,57800.0
2026-07-02 13:30:00,4.610000133514404,4.864999771118164,4.409999847412109,4.599999904632568,54500.0
2026-07-06 13:30:00,4.599999904632568,4.679999828338623,4.400000095367432,4.639999866485596,30600.0
2026-07-07 13:30:00,4.639999866485596,4.75,4.210000038146973,4.28000020980835,61200.0
2026-07-08 13:30:00,4.179999828338623,4.289999961853027,3.950000047683716,4.099999904632568,54800.0
2026-07-09 13:30:00,4.034999847412109,4.170000076293945,3.936000108718872,4.059999942779541,23100.0
2026-07-10 13:30:00,4.070000171661377,4.099999904632568,3.9100000858306885,3.990000009536743,27600.0
2026-07-13 13:30:00,3.9700000286102295,4.2170000076293945,3.930000066757202,3.990000009536743,53500.0
2026-07-14 13:30:00,4.079999923706055,4.775000095367432,4.0,4.309999942779541,321100.0
2026-07-15 13:30:00,4.409999847412109,4.849999904632568,3.9600000381469727,4.190000057220459,297400.0
2026-07-16 13:30:00,4.340000152587891,4.389999866485596,3.049999952316284,3.240000009536743,366000.0
2026-07-17 13:30:00,3.25,3.2799999713897705,2.809999942779541,2.9800000190734863,118700.0
2026-07-20 13:30:00,2.819999933242798,2.8299999237060547,2.5999999046325684,2.640000104904175,64100.0
2026-07-21 13:30:00,2.5999999046325684,2.799999952316284,2.569999933242798,2.7899999618530273,48600.0
2026-07-22 13:30:00,2.7200000286102295,2.9700000286102295,2.634999990463257,2.9600000381469727,28600.0
2026-07-23 13:30:00,3.069999933242798,3.1700000762939453,2.8499999046325684,3.0399999618530273,546200.0
2026-07-24 13:30:00,2.950000047683716,3.049999952316284,2.437999963760376,2.509999990463257,457100.0
2026-07-27 13:30:00,2.4700000286102295,2.4700000286102295,2.2699999809265137,2.309999942779541,79100.0
2026-07-28 13:30:00,2.4600000381469727,2.4600000381469727,2.109999895095825,2.3399999141693115,59300.0
2026-07-29 13:30:00,2.3399999141693115,2.380000114440918,2.0399999618530273,2.0799999237060547,126900.0
2026-07-30 13:30:00,2.0199999809265137,2.0899999141693115,1.9819999933242798,2.069999933242798,45200.0
2026-07-31 13:30:00,2.0799999237060547,2.4600000381469727,1.9600000381469727,2.390000104904175,185800.0
2026-08-03 13:30:00,2.490000009536743,2.490000009536743,2.059999942779541,2.2200000286102295,374600.0
2026-08-04 13:30:00,2.1500000953674316,2.390000104904175,2.049999952316284,2.1600000858306885,168300.0
2026-08-05 13:30:00,2.190000057220459,2.3299999237060547,1.9500000476837158,2.009999990463257,147400.0
2026-08-06 13:30:00,2.0,2.130000114440918,1.9199999570846558,2.0299999713897705,105200.0
2026-08-07 13:30:00,2.009999990463257,2.2100000381469727,1.965999960899353,2.200000047683716,138200.0
2026-08-10 13:30:00,2.1700000762939453,2.1700000762939453,1.9800000190734863,2.0,61800.0
2026-08-12 13:30:00,2.049999952316284,2.0799999237060547,1.9700000286102295,2.069999933242798,1120700.0
2026-08-13 13:30:00,1.7899999618530273,2.069999933242798,1.7400000095367432,1.8700000047683716,1627100.0
2026-08-14 13:30:00,1.9600000381469727,2.490000009536743,1.899999976158142,2.490000009536743,176200.0
